,PC1,PC2,PC3,PC4,PC5,PC6,PC7,PC8,PC9,PC10,PC11,PC12,PC13
Water_Temp,-0.12961309646670013,-0.5077410390116184,0.29948190518309886,-0.10189137611106565,-0.6295718705978643,-0.04733697619481562,-0.17123640685309602,0.18103423513884018,-0.13884579479186013,0.1794820611256394,-0.1629921140136795,0.17830604221649649,-0.23405116676345072
TDS,-0.32167918966374026,-0.06630076636422523,0.12927162662671893,0.2799129491607863,0.4054849793327844,-0.07754092131755082,-0.012863152612877925,-0.45399104528868417,-0.05153220232162303,0.2705928190108757,-0.40892063129079975,0.2741429257367932,-0.31955255266432747
EC,-0.3058031624403107,-0.2747038750586919,0.06878231467426403,0.33438768271189767,-0.06282649291346655,-0.07946364151914162,-0.4514819436874916,-0.3241958071480153,0.23524687595789226,-0.02924124051940252,0.3330149789034434,-0.3808839679743469,0.28828433237930157
Water_pH,0.31303831842210694,-0.29517448391028794,0.14130862218297485,-0.1750796973538158,0.06278321448459401,-0.12927598913878294,0.2139776796866127,-0.34016277932514194,-0.4630626817953698,-0.040049802595777916,-0.29667035985042906,-0.4559940072507081,0.26482439439386407
CO2,-0.3609956349556477,0.031507168638866205,0.11930465289427411,-0.010686483070559392,-0.08474457963056588,0.13125338821304494,0.07187033277110362,0.07401608396440773,0.17871952843935537,-0.5505413740788032,-0.511010257252222,0.1599399676105208,0.4444548086792069
Turbidity,-0.32242366601473665,-0.029828742636352015,0.30247560509429944,0.027308389927695374,0.29669669172558616,-0.0626851000159418,-0.029674654531899974,0.24723598204071545,-0.5448989293157053,-0.43191860674210353,0.34502691577774236,-0.016500537201493252,-0.21486520176176688
DO,0.2503493006957538,-0.02971594049068137,0.539531146692822,0.21439972942910468,-0.09820362244133059,-0.2639652341857506,0.4876862105015753,-0.1838222256490512,0.34365774657408515,-0.17361809777688317,0.2593973803113514,0.17650900772040012,-0.041769846070915766
BOD,-0.2988226070232272,0.0897531729733002,-0.33297714514892424,-0.06846121487015477,-0.21917482969005372,-0.48677958555651685,0.22288250269927776,-0.18017706612612497,-0.29725671313410207,0.14290931406457458,0.2262261006360939,0.35906641330782074,0.3620287018511645
COD,-0.32068185196962906,0.17642359639060223,-0.1901622034702714,-0.19015506135676646,-0.20170533551049258,-0.37774701510809117,0.20182742462021627,-0.05435913070096773,0.21579514399044555,-0.1792385740187669,-0.14458148024460124,-0.4910596361278532,-0.47530284871850403
Alkalinity,-0.22374810267643946,-0.3609754786046635,-0.30865691926575867,0.1330240116129379,-0.08776587032869941,0.5826801384759244,0.5363708380407773,-0.13483857622198414,-0.02742972146255827,-0.029274876791162738,0.19609860798495232,-0.04980491414507033,-0.10502522579980376
Hardness,0.20813324216077467,-0.21600986178588955,-0.32828090522979186,0.6958783965296585,0.013322783099097828,-0.3027149759407725,0.06762008688708424,0.39600958065427305,-0.07500667487952076,-0.11009128777661246,-0.2089099735078558,-0.053720526002982286,-0.022801654082588614
Water_K,-0.02559300060510051,-0.5859257635893343,-0.14960439480542884,-0.4178105721612879,0.462360887489899,-0.25896752792951916,0.03329672560262637,0.19666281101400604,0.3428096183115453,-0.016824331158067606,0.06153962369548321,0.12160547259182791,0.04566876370774067
Inorg_P,-0.32418401827639215,0.11399159475269953,0.31563742974576003,0.06795573999384558,0.12687468529510804,0.004636020038057502,0.305320694188965,0.4368186070433956,0.050160290087053805,0.5536282518653018,-0.043312048413390127,-0.30466115332350113,0.2716636171963042
