,Mean,Sample_SD
Water_Temp,23.780250000000002,3.5890829458797775
TDS,82.63662500000001,11.864158976178015
EC,139.709,18.805653647611507
Water_pH,7.784000000000001,0.9578887649805427
CO2,24.247374999999998,11.031587184397448
Turbidity,16.674875,7.980910133966908
DO,6.605875,1.0409716660378758
BOD,4.178125,1.323174255629051
COD,9.953624999999999,3.0211022566170627
Alkalinity,87.41737499999999,11.639099289148547
Hardness,55.480750000000015,8.387476918038756
Water_K,1.563,0.43466384508933814
Inorg_P,0.232125,0.1395171941674374
