Variable,Wetland,Year,Season,Mean_raw,SD,N,Mean_reported,Reported_spread,Source,Mean_difference,SD_minus_reported_spread
Phyto_carbon,Loktak,2022,Monsoon,493.89799999999997,63.174090970903556,5,489.89,63.17,Scatter Plot.xlsx / Line_Graph!G13,4.007999999999981,0.004090970903554592
Phyto_carbon,Loktak,2022,Post-monsoon,618.2239999999999,45.32784221645681,5,618.22,45.32,Scatter Plot.xlsx / Line_Graph!H13,0.0039999999999054126,0.00784221645680816
Phyto_carbon,Loktak,2022,Pre-monsoon,619.5699999999999,59.09810318445084,5,619.57,59.09,Scatter Plot.xlsx / Line_Graph!F13,-1.1368683772161603e-13,0.008103184450838796
Phyto_carbon,Loktak,2022,Winter,728.664,51.06640461203429,5,728.66,51.06,Scatter Plot.xlsx / Line_Graph!I13,0.004000000000019099,0.006404612034287993
Phyto_carbon,Loktak,2023,Monsoon,488.56000000000006,40.328253123585704,5,488.56,40.32,Scatter Plot.xlsx / Line_Graph!G14,5.684341886080802e-14,0.008253123585703293
Phyto_carbon,Loktak,2023,Post-monsoon,628.72,44.60439440234561,5,628.72,44.6,Scatter Plot.xlsx / Line_Graph!H14,0.0,0.004394402345610615
Phyto_carbon,Loktak,2023,Pre-monsoon,589.6800000000001,49.11732891760299,5,589.68,49.12,Scatter Plot.xlsx / Line_Graph!F14,1.1368683772161603e-13,-0.0026710823970077513
Phyto_carbon,Loktak,2023,Winter,731.36,54.10404790771202,5,731.36,54.1,Scatter Plot.xlsx / Line_Graph!I14,0.0,0.004047907712021015
Phyto_carbon,Pumlen,2022,Monsoon,483.62600000000003,46.16941715031718,5,483.62,46.16,Scatter Plot.xlsx / Line_Graph!G15,0.006000000000028649,0.009417150317183598
Phyto_carbon,Pumlen,2022,Post-monsoon,615.846,26.320459342496292,5,615.85,26.31,Scatter Plot.xlsx / Line_Graph!H15,-0.004000000000019099,0.010459342496293544
Phyto_carbon,Pumlen,2022,Pre-monsoon,663.78,20.604533481736468,5,663.77,20.6,Scatter Plot.xlsx / Line_Graph!F15,0.009999999999990905,0.004533481736466172
Phyto_carbon,Pumlen,2022,Winter,647.626,34.58700088183421,5,647.62,34.58,Scatter Plot.xlsx / Line_Graph!I15,0.005999999999971806,0.007000881834208883
Phyto_carbon,Pumlen,2023,Monsoon,484.0400000000001,43.514916982570476,5,484.04,43.52,Scatter Plot.xlsx / Line_Graph!G16,5.684341886080802e-14,-0.0050830174295271036
Phyto_carbon,Pumlen,2023,Post-monsoon,617.6,33.46042438463682,5,617.6,33.46,Scatter Plot.xlsx / Line_Graph!H16,0.0,0.00042438463682259453
Phyto_carbon,Pumlen,2023,Pre-monsoon,767.892,19.360431813366127,5,767.89,19.36,Scatter Plot.xlsx / Line_Graph!F16,0.002000000000066393,0.00043181336612718724
Phyto_carbon,Pumlen,2023,Winter,735.678,24.083128326693792,5,735.68,24.03,Scatter Plot.xlsx / Line_Graph!I16,-0.0019999999999527063,0.053128326693791195
Soil_stock,Loktak,2022,Monsoon,19.422,0.4071486215130786,5,19.42,0.4,Scatter Plot.xlsx / Line_Graph!G3,0.0019999999999988916,0.007148621513078601
Soil_stock,Loktak,2022,Post-monsoon,19.97,0.5861740355901146,5,19.97,0.58,Scatter Plot.xlsx / Line_Graph!H3,0.0,0.006174035590114646
Soil_stock,Loktak,2022,Pre-monsoon,20.454,1.0039571704012065,5,20.45,1.0,Scatter Plot.xlsx / Line_Graph!F3,0.004000000000001336,0.003957170401206467
Soil_stock,Loktak,2022,Winter,20.634,0.48895807591244617,5,20.63,0.48,Scatter Plot.xlsx / Line_Graph!I3,0.004000000000001336,0.008958075912446184
Soil_stock,Loktak,2023,Monsoon,19.369999999999997,0.2159861106645516,5,19.37,0.21,Scatter Plot.xlsx / Line_Graph!G4,-3.552713678800501e-15,0.005986110664551597
Soil_stock,Loktak,2023,Post-monsoon,19.898000000000003,0.4307783652877654,5,19.89,0.43,Scatter Plot.xlsx / Line_Graph!H4,0.008000000000002672,0.0007783652877654257
Soil_stock,Loktak,2023,Pre-monsoon,21.764,0.4754261246502963,5,21.76,0.47,Scatter Plot.xlsx / Line_Graph!F4,0.003999999999997783,0.005426124650296349
Soil_stock,Loktak,2023,Winter,21.18,0.20591260281974047,5,21.18,0.2,Scatter Plot.xlsx / Line_Graph!I4,0.0,0.005912602819740459
Soil_stock,Pumlen,2022,Monsoon,14.724,0.22333830840229843,5,14.72,0.22,Scatter Plot.xlsx / Line_Graph!G5,0.0039999999999995595,0.003338308402298429
Soil_stock,Pumlen,2022,Post-monsoon,14.666,1.1585896598882623,5,14.66,1.16,Scatter Plot.xlsx / Line_Graph!H5,0.006000000000000227,-0.0014103401117375736
Soil_stock,Pumlen,2022,Pre-monsoon,9.362,1.2571276784797951,5,9.36,1.26,Scatter Plot.xlsx / Line_Graph!F5,0.002000000000000668,-0.00287232152020489
Soil_stock,Pumlen,2022,Winter,9.298,0.3328212733585392,5,9.29,0.33,Scatter Plot.xlsx / Line_Graph!I5,0.008000000000000895,0.0028212733585392114
Soil_stock,Pumlen,2023,Monsoon,14.254,0.36827978494617436,5,14.25,0.37,Scatter Plot.xlsx / Line_Graph!G6,0.0039999999999995595,-0.0017202150538256356
Soil_stock,Pumlen,2023,Post-monsoon,13.738,0.9747409912381853,5,13.74,0.97,Scatter Plot.xlsx / Line_Graph!H6,-0.002000000000000668,0.004740991238185277
Soil_stock,Pumlen,2023,Pre-monsoon,9.848,1.0428422699526516,5,9.85,1.04,Scatter Plot.xlsx / Line_Graph!F6,-0.0019999999999988916,0.002842269952651577
Soil_stock,Pumlen,2023,Winter,9.166,0.11371015785759943,5,9.16,0.11,Scatter Plot.xlsx / Line_Graph!I6,0.006000000000000227,0.0037101578575994276
