,TBC,water temperature,TDS,EC,water pH,co2,Turbidity,do,bod,cod,alkalinity,hardness,Potassium,inorganic phosphorus
TBC,1.0,0.665,0.18358092552625807,0.374,-0.265,0.405,0.33,-0.15551133227267372,0.266,0.235,0.291,-0.17312638017651402,0.09145608776006407,0.401
water temperature,0.665,1.0,0.1942227469946115,0.527,0.012213390525896853,0.353,0.313,-0.00512802356928186,0.15531529034465547,0.14442581684024033,0.375,-0.15087731931641138,0.322,0.244
TDS,0.18358092552625807,0.1942227469946115,1.0,0.775,-0.601,0.753,0.802,-0.414,0.546,0.566,0.464,-0.349,0.11843149741897774,0.747
EC,0.374,0.527,0.775,1.0,-0.55,0.718,0.667,-0.417,0.528,0.522,0.56,-0.20625950614082306,0.1971248250345831,0.592
water pH,-0.265,0.012213390525896853,-0.601,-0.55,1.0,-0.769,-0.578,0.625,-0.654,-0.747,-0.36,0.403,0.266,-0.699
co2,0.405,0.353,0.753,0.718,-0.769,1.0,0.791,-0.526,0.648,0.754,0.522,-0.576,-0.017592350227633804,0.83
Turbidity,0.33,0.313,0.802,0.667,-0.578,0.791,1.0,-0.383,0.505,0.564,0.351,-0.507,0.09625956325172058,0.838
do,-0.15551133227267372,-0.00512802356928186,-0.414,-0.417,0.625,-0.526,-0.383,1.0,-0.634,-0.6,-0.535,0.284,-0.1541391668455936,-0.325
bod,0.266,0.15531529034465547,0.546,0.528,-0.654,0.648,0.505,-0.634,1.0,0.868,0.417,-0.29,0.02182560582896493,0.518
cod,0.235,0.14442581684024033,0.566,0.522,-0.747,0.754,0.564,-0.6,0.868,1.0,0.354,-0.479,-0.028690946242213713,0.641
alkalinity,0.291,0.375,0.464,0.56,-0.36,0.522,0.351,-0.535,0.417,0.354,1.0,-0.07942041631214716,0.307,0.331
hardness,-0.17312638017651402,-0.15087731931641138,-0.349,-0.20625950614082306,0.403,-0.576,-0.507,0.284,-0.29,-0.479,-0.07942041631214716,1.0,0.07900316773243231,-0.547
Potassium,0.09145608776006407,0.322,0.11843149741897774,0.1971248250345831,0.266,-0.017592350227633804,0.09625956325172058,-0.1541391668455936,0.02182560582896493,-0.028690946242213713,0.307,0.07900316773243231,1.0,-0.07799302850463852
inorganic phosphorus,0.401,0.244,0.747,0.592,-0.699,0.83,0.838,-0.325,0.518,0.641,0.331,-0.547,-0.07799302850463852,1.0
