,Phytoplankton carbon,water temperature,TDS,EC,water pH,co2,Turbidity,do,bod,cod,alkalinity,hardness,Potassium,inorganic phosphorus
Phytoplankton carbon,,2.455192887447095e-11,0.4843679904777891,0.0906169827055505,0.6316550604330095,0.028634103948099055,0.490316322808107,0.9866248552059897,0.653439300094935,0.5112070216692093,0.06788563083664056,0.005455130563651659,0.2261954407052498,0.09242241342074028
water temperature,2.455192887447095e-11,,0.08428972670660588,5.230457277321628e-07,0.9143728119765188,0.0013220624874100357,0.00472640509699771,0.9639918505215403,0.16891991568113873,0.20119084711928092,0.0006087268894235713,0.18157854049445757,0.00361605266686562,0.02919228098704725
TDS,0.4843679904777891,0.08428972670660588,,3.190041355422894e-17,3.847220005546206e-09,7.582977904967632e-16,3.9369789633006274e-19,0.00013458835133055427,1.6536759223339615e-07,4.558706480011128e-08,1.4694118863801428e-05,0.0015216631654137935,0.29542271758397554,1.70802932284188e-15
EC,0.0906169827055505,5.230457277321628e-07,3.190041355422894e-17,,1.2231786999213345e-07,6.268996515896913e-14,1.428628394905338e-11,0.00011940020139578262,4.822813588621177e-07,6.798286779939384e-07,6.488244252296652e-08,0.06641718287222952,0.07966554029233469,7.1288559798376125e-09
water pH,0.6316550604330095,0.9143728119765188,3.847220005546206e-09,1.2231786999213345e-07,,8.02460477753251e-17,1.9844387610440965e-08,5.608957594886524e-10,4.956751978356333e-11,1.754285574274326e-15,0.0010392481234837744,0.00020904348882023753,0.017177074112814668,5.879361822191944e-13
co2,0.028634103948099055,0.0013220624874100357,7.582977904967632e-16,6.268996515896913e-14,8.02460477753251e-17,,2.5728226566023736e-18,5.526486091353471e-07,8.072044341976187e-11,6.419031461650563e-16,6.832749869822174e-07,2.1986356586021968e-08,0.8769109908500214,1.7562143097256942e-21
Turbidity,0.490316322808107,0.00472640509699771,3.9369789633006274e-19,1.428628394905338e-11,1.9844387610440965e-08,2.5728226566023736e-18,,0.00045465291039989853,1.823517205760439e-06,5.017592714440103e-08,0.0014059781083120286,1.6187441779240442e-06,0.3956609014057684,3.420005760633987e-22
do,0.9866248552059897,0.9639918505215403,0.00013458835133055427,0.00011940020139578262,5.608957594886524e-10,5.526486091353471e-07,0.00045465291039989853,,2.707560417431615e-10,4.1345618930538e-09,3.2058056401921765e-07,0.010595015534521995,0.1722095590286054,0.0033157266040676914
bod,0.653439300094935,0.16891991568113873,1.6536759223339615e-07,4.822813588621177e-07,4.956751978356333e-11,8.072044341976187e-11,1.823517205760439e-06,2.707560417431615e-10,,2.098121966003641e-25,0.00011737351832211768,0.009124633792001176,0.8476132475112808,8.611235866974467e-07
cod,0.5112070216692093,0.20119084711928092,4.558706480011128e-08,6.798286779939384e-07,1.754285574274326e-15,6.419031461650563e-16,5.017592714440103e-08,4.1345618930538e-09,2.098121966003641e-25,,0.001257418145063478,7.115059286247167e-06,0.8005519778467953,1.5349133479653583e-10
alkalinity,0.06788563083664056,0.0006087268894235713,1.4694118863801428e-05,6.488244252296652e-08,0.0010392481234837744,6.832749869822174e-07,0.0014059781083120286,3.2058056401921765e-07,0.00011737351832211768,0.001257418145063478,,0.48374924694249044,0.005565504958574382,0.002670134002279503
hardness,0.005455130563651659,0.18157854049445757,0.0015216631654137935,0.06641718287222952,0.00020904348882023753,2.1986356586021968e-08,1.6187441779240442e-06,0.010595015534521995,0.009124633792001176,7.115059286247167e-06,0.48374924694249044,,0.48605660261241634,1.4772545574818393e-07
Potassium,0.2261954407052498,0.00361605266686562,0.29542271758397554,0.07966554029233469,0.017177074112814668,0.8769109908500214,0.3956609014057684,0.1722095590286054,0.8476132475112808,0.8005519778467953,0.005565504958574382,0.48605660261241634,,0.4916666876480227
inorganic phosphorus,0.09242241342074028,0.02919228098704725,1.70802932284188e-15,7.1288559798376125e-09,5.879361822191944e-13,1.7562143097256942e-21,3.420005760633987e-22,0.0033157266040676914,8.611235866974467e-07,1.5349133479653583e-10,0.002670134002279503,1.4772545574818393e-07,0.4916666876480227,
