Response,Predictor,Pooled (n=80),Loktak (n=40),Pumlen (n=40)
Soil_stock,Soil_Temp,0.14551600659778335,-0.32585363946146423,0.5480258392962154
Soil_stock,Soil_pH,0.3598142079067265,-0.5468302402924694,0.6737414678589148
Soil_stock,BD,0.3445108005289768,0.23955377715319662,-0.7901013343184561
Soil_stock,Moisture,0.12175967629636643,-0.6307009693855065,0.8339133509791229
Soil_stock,SOC,0.8650474986617924,0.12102643255719822,0.9577806767197553
Soil_stock,N,0.5099943680297936,0.004625448684525889,-0.15691795914472972
Soil_stock,P,0.5394080008254578,-0.0045190234025756625,0.06061121208445292
Soil_stock,K,0.8625169350995362,0.238632011564317,-0.16995515493299704
Phyto_carbon,Water_Temp,-0.6613256429131283,-0.8631395927808145,-0.5000737296399508
Phyto_carbon,CO2,-0.24485385879842542,-0.5807886067633337,-0.5969358902762474
Phyto_carbon,Hardness,0.30801595132888443,0.4104281368733095,0.4547191546047337
