Variable,Wetland,Year,Season,Mean,SD,N
Phyto_carbon,Loktak,2022,Monsoon,493.89799999999997,63.174090970903556,5
Phyto_carbon,Loktak,2022,Post-monsoon,618.2239999999999,45.32784221645681,5
Phyto_carbon,Loktak,2022,Pre-monsoon,619.5699999999999,59.09810318445084,5
Phyto_carbon,Loktak,2022,Winter,728.664,51.06640461203429,5
Phyto_carbon,Loktak,2023,Monsoon,488.56000000000006,40.328253123585704,5
Phyto_carbon,Loktak,2023,Post-monsoon,628.72,44.60439440234561,5
Phyto_carbon,Loktak,2023,Pre-monsoon,589.6800000000001,49.11732891760299,5
Phyto_carbon,Loktak,2023,Winter,731.36,54.10404790771202,5
Phyto_carbon,Pumlen,2022,Monsoon,483.62600000000003,46.16941715031718,5
Phyto_carbon,Pumlen,2022,Post-monsoon,615.846,26.320459342496292,5
Phyto_carbon,Pumlen,2022,Pre-monsoon,663.78,20.604533481736468,5
Phyto_carbon,Pumlen,2022,Winter,647.626,34.58700088183421,5
Phyto_carbon,Pumlen,2023,Monsoon,484.0400000000001,43.514916982570476,5
Phyto_carbon,Pumlen,2023,Post-monsoon,617.6,33.46042438463682,5
Phyto_carbon,Pumlen,2023,Pre-monsoon,767.892,19.360431813366127,5
Phyto_carbon,Pumlen,2023,Winter,735.678,24.083128326693792,5
Soil_stock,Loktak,2022,Monsoon,19.422,0.4071486215130786,5
Soil_stock,Loktak,2022,Post-monsoon,19.97,0.5861740355901146,5
Soil_stock,Loktak,2022,Pre-monsoon,20.454,1.0039571704012065,5
Soil_stock,Loktak,2022,Winter,20.634,0.48895807591244617,5
Soil_stock,Loktak,2023,Monsoon,19.369999999999997,0.2159861106645516,5
Soil_stock,Loktak,2023,Post-monsoon,19.898000000000003,0.4307783652877654,5
Soil_stock,Loktak,2023,Pre-monsoon,21.764,0.4754261246502963,5
Soil_stock,Loktak,2023,Winter,21.18,0.20591260281974047,5
Soil_stock,Pumlen,2022,Monsoon,14.724,0.22333830840229843,5
Soil_stock,Pumlen,2022,Post-monsoon,14.666,1.1585896598882623,5
Soil_stock,Pumlen,2022,Pre-monsoon,9.362,1.2571276784797951,5
Soil_stock,Pumlen,2022,Winter,9.298,0.3328212733585392,5
Soil_stock,Pumlen,2023,Monsoon,14.254,0.36827978494617436,5
Soil_stock,Pumlen,2023,Post-monsoon,13.738,0.9747409912381853,5
Soil_stock,Pumlen,2023,Pre-monsoon,9.848,1.0428422699526516,5
Soil_stock,Pumlen,2023,Winter,9.166,0.11371015785759943,5
