Variable,Wetland,Year,Season,Mean,Reported_spread,Source
Soil_stock,Loktak,2022,Pre-monsoon,20.45,1.0,Scatter Plot.xlsx / Line_Graph!F3
Soil_stock,Loktak,2022,Monsoon,19.42,0.4,Scatter Plot.xlsx / Line_Graph!G3
Soil_stock,Loktak,2022,Post-monsoon,19.97,0.58,Scatter Plot.xlsx / Line_Graph!H3
Soil_stock,Loktak,2022,Winter,20.63,0.48,Scatter Plot.xlsx / Line_Graph!I3
Soil_stock,Loktak,2023,Pre-monsoon,21.76,0.47,Scatter Plot.xlsx / Line_Graph!F4
Soil_stock,Loktak,2023,Monsoon,19.37,0.21,Scatter Plot.xlsx / Line_Graph!G4
Soil_stock,Loktak,2023,Post-monsoon,19.89,0.43,Scatter Plot.xlsx / Line_Graph!H4
Soil_stock,Loktak,2023,Winter,21.18,0.2,Scatter Plot.xlsx / Line_Graph!I4
Soil_stock,Pumlen,2022,Pre-monsoon,9.36,1.26,Scatter Plot.xlsx / Line_Graph!F5
Soil_stock,Pumlen,2022,Monsoon,14.72,0.22,Scatter Plot.xlsx / Line_Graph!G5
Soil_stock,Pumlen,2022,Post-monsoon,14.66,1.16,Scatter Plot.xlsx / Line_Graph!H5
Soil_stock,Pumlen,2022,Winter,9.29,0.33,Scatter Plot.xlsx / Line_Graph!I5
Soil_stock,Pumlen,2023,Pre-monsoon,9.85,1.04,Scatter Plot.xlsx / Line_Graph!F6
Soil_stock,Pumlen,2023,Monsoon,14.25,0.37,Scatter Plot.xlsx / Line_Graph!G6
Soil_stock,Pumlen,2023,Post-monsoon,13.74,0.97,Scatter Plot.xlsx / Line_Graph!H6
Soil_stock,Pumlen,2023,Winter,9.16,0.11,Scatter Plot.xlsx / Line_Graph!I6
TBC,Loktak,2022,Pre-monsoon,2.4,0.77,Scatter Plot.xlsx / Line_Graph!F8
TBC,Loktak,2022,Monsoon,3.34,0.43,Scatter Plot.xlsx / Line_Graph!G8
TBC,Loktak,2022,Post-monsoon,2.65,0.59,Scatter Plot.xlsx / Line_Graph!H8
TBC,Loktak,2022,Winter,2.16,0.25,Scatter Plot.xlsx / Line_Graph!I8
TBC,Loktak,2023,Pre-monsoon,2.46,0.52,Scatter Plot.xlsx / Line_Graph!F9
TBC,Loktak,2023,Monsoon,3.44,0.32,Scatter Plot.xlsx / Line_Graph!G9
TBC,Loktak,2023,Post-monsoon,2.62,0.37,Scatter Plot.xlsx / Line_Graph!H9
TBC,Loktak,2023,Winter,2.38,0.48,Scatter Plot.xlsx / Line_Graph!I9
TBC,Pumlen,2022,Pre-monsoon,2.61,0.27,Scatter Plot.xlsx / Line_Graph!F10
TBC,Pumlen,2022,Monsoon,4.05,0.33,Scatter Plot.xlsx / Line_Graph!G10
TBC,Pumlen,2022,Post-monsoon,2.9,0.19,Scatter Plot.xlsx / Line_Graph!H10
TBC,Pumlen,2022,Winter,2.3,0.18,Scatter Plot.xlsx / Line_Graph!I10
TBC,Pumlen,2023,Pre-monsoon,2.66,0.23,Scatter Plot.xlsx / Line_Graph!F11
TBC,Pumlen,2023,Monsoon,3.7,0.12,Scatter Plot.xlsx / Line_Graph!G11
TBC,Pumlen,2023,Post-monsoon,2.94,0.14,Scatter Plot.xlsx / Line_Graph!H11
TBC,Pumlen,2023,Winter,2.22,0.24,Scatter Plot.xlsx / Line_Graph!I11
Phyto_carbon,Loktak,2022,Pre-monsoon,619.57,59.09,Scatter Plot.xlsx / Line_Graph!F13
Phyto_carbon,Loktak,2022,Monsoon,489.89,63.17,Scatter Plot.xlsx / Line_Graph!G13
Phyto_carbon,Loktak,2022,Post-monsoon,618.22,45.32,Scatter Plot.xlsx / Line_Graph!H13
Phyto_carbon,Loktak,2022,Winter,728.66,51.06,Scatter Plot.xlsx / Line_Graph!I13
Phyto_carbon,Loktak,2023,Pre-monsoon,589.68,49.12,Scatter Plot.xlsx / Line_Graph!F14
Phyto_carbon,Loktak,2023,Monsoon,488.56,40.32,Scatter Plot.xlsx / Line_Graph!G14
Phyto_carbon,Loktak,2023,Post-monsoon,628.72,44.6,Scatter Plot.xlsx / Line_Graph!H14
Phyto_carbon,Loktak,2023,Winter,731.36,54.1,Scatter Plot.xlsx / Line_Graph!I14
Phyto_carbon,Pumlen,2022,Pre-monsoon,663.77,20.6,Scatter Plot.xlsx / Line_Graph!F15
Phyto_carbon,Pumlen,2022,Monsoon,483.62,46.16,Scatter Plot.xlsx / Line_Graph!G15
Phyto_carbon,Pumlen,2022,Post-monsoon,615.85,26.31,Scatter Plot.xlsx / Line_Graph!H15
Phyto_carbon,Pumlen,2022,Winter,647.62,34.58,Scatter Plot.xlsx / Line_Graph!I15
Phyto_carbon,Pumlen,2023,Pre-monsoon,767.89,19.36,Scatter Plot.xlsx / Line_Graph!F16
Phyto_carbon,Pumlen,2023,Monsoon,484.04,43.52,Scatter Plot.xlsx / Line_Graph!G16
Phyto_carbon,Pumlen,2023,Post-monsoon,617.6,33.46,Scatter Plot.xlsx / Line_Graph!H16
Phyto_carbon,Pumlen,2023,Winter,735.68,24.03,Scatter Plot.xlsx / Line_Graph!I16
