Wetland,Year,Season,Site,Soil_stock,Soil_Temp,Soil_pH,BD,Moisture,N,P,K,Phyto_carbon,Water_Temp,CO2,Hardness,TDS,EC,Water_pH,Turbidity,DO,BOD,COD,Alkalinity,Water_K,Inorg_P,SOC
Loktak,2022,Pre-monsoon,1,21.15,23.0,6.3,0.65,51.84,120.66,6.03,191.15,569.11,24.97,30.27,49.67,86.47,127.0,9.19,15.6,6.23,2.46,7.11,112.67,2.27,0.13,3.24
Loktak,2022,Monsoon,1,19.21,24.5,6.85,0.62,59.86,103.89,5.25,139.52,423.57,27.45,22.08,57.25,79.9,151.5,7.04,11.18,5.33,4.64,11.82,96.25,2.58,0.11,3.2
Loktak,2022,Post-monsoon,1,20.38,20.0,6.75,0.74,49.65,120.78,9.62,173.2,559.9,23.5,12.0,68.5,77.62,122.0,9.72,12.5,8.6,2.23,5.38,68.0,2.1,0.12,2.79
Loktak,2022,Winter,1,20.38,17.0,6.34,0.78,42.98,97.33,9.45,179.52,720.5,16.97,12.67,77.67,68.07,109.6,8.04,8.93,6.19,3.3,7.06,63.33,1.23,0.1,2.62
Loktak,2022,Pre-monsoon,2,19.23,23.33,6.13,0.72,46.12,93.66,6.63,187.82,640.03,25.23,15.5,50.33,68.8,123.0,8.87,15.03,6.07,1.55,6.52,96.67,1.87,0.09,2.83
Loktak,2022,Monsoon,2,19.22,24.75,6.9,0.77,50.7,102.5,5.7,159.46,558.86,26.85,10.4,52.5,61.18,104.2,9.61,13.0,7.98,2.99,8.34,76.5,1.78,0.09,2.53
Loktak,2022,Post-monsoon,2,20.7,19.5,6.8,0.73,50.5,94.98,11.07,181.6,609.78,23.35,5.1,56.0,76.5,135.5,9.98,9.5,8.5,1.36,4.25,72.5,1.55,0.11,2.84
Loktak,2022,Winter,2,21.14,16.67,6.36,0.73,47.26,108.24,8.32,182.78,706.55,17.97,6.03,58.67,68.6,111.26,8.03,11.5,7.5,2.41,5.7,70.0,1.2,0.09,2.92
Loktak,2022,Pre-monsoon,3,19.54,23.67,6.93,0.75,45.43,84.34,7.81,149.76,637.97,24.03,21.2,56.0,68.63,139.67,8.67,8.57,7.07,4.0,8.03,93.33,1.77,0.09,2.79
Loktak,2022,Monsoon,3,19.56,24.25,6.9,0.61,60.32,102.59,4.25,141.76,558.4,27.25,16.73,54.25,67.68,131.25,8.67,7.28,7.36,5.78,15.84,77.5,1.7,0.12,3.22
Loktak,2022,Post-monsoon,3,19.4,20.0,6.75,0.78,43.81,109.85,11.15,167.6,662.2,24.55,9.5,63.5,82.27,133.0,10.01,15.0,8.5,2.53,5.89,65.0,1.5,0.11,2.31
Loktak,2022,Winter,3,21.14,16.67,6.33,0.73,47.26,108.24,8.32,187.98,817.43,17.97,6.03,58.67,68.6,111.26,8.03,11.5,7.5,2.41,5.7,60.0,1.2,0.09,2.92
Loktak,2022,Pre-monsoon,4,20.88,23.33,6.93,0.73,46.21,83.27,7.74,176.13,698.17,24.27,23.2,73.33,83.13,144.67,8.01,9.77,7.7,3.42,7.66,91.67,1.93,0.12,2.87
Loktak,2022,Monsoon,4,20.07,24.0,6.78,0.78,52.19,99.65,6.61,159.04,485.41,27.75,16.98,57.25,67.45,138.0,8.42,4.55,6.9,4.63,8.84,80.0,1.55,0.12,2.6
Loktak,2022,Post-monsoon,4,19.38,19.5,6.77,0.74,55.71,104.65,10.84,179.6,665.34,23.85,10.5,57.5,81.0,129.5,9.39,7.7,8.15,1.17,3.37,77.5,1.8,0.13,3.21
Loktak,2022,Winter,4,20.04,17.33,6.3,0.78,42.8,97.77,7.12,183.39,687.47,18.77,9.53,71.0,70.0,112.23,8.0,6.9,7.47,3.29,7.81,75.0,1.14,0.13,2.59
Loktak,2022,Pre-monsoon,5,21.47,22.0,6.2,0.67,51.5,117.08,4.0,169.89,552.57,24.4,26.13,70.67,78.7,159.67,7.21,7.3,6.53,5.07,9.96,110.33,1.1,0.13,3.23
Loktak,2022,Monsoon,5,19.05,24.5,6.7,0.6,61.24,101.25,5.5,178.88,443.25,27.8,17.9,54.5,78.08,152.5,7.38,7.25,4.75,3.71,9.22,93.75,1.2,0.1,3.19
Loktak,2022,Post-monsoon,5,19.99,19.0,6.65,0.77,48.83,110.32,10.71,160.59,593.9,24.6,10.05,57.0,76.35,119.0,8.9,4.7,7.4,3.59,6.92,78.5,1.45,0.13,2.62
Loktak,2022,Winter,5,20.47,16.0,6.31,0.74,45.0,113.67,8.17,185.29,711.37,18.97,9.09,62.0,69.73,112.33,8.07,8.47,7.07,4.17,8.43,76.66,1.23,0.13,2.81
Pumlen,2022,Pre-monsoon,1,9.68,22.0,6.28,0.76,47.54,69.07,4.33,55.51,647.61,24.07,28.81,61.67,90.3,163.67,7.25,29.0,4.61,5.69,12.78,103.33,1.87,0.33,1.36
Pumlen,2022,Monsoon,1,14.73,24.5,6.8,0.56,61.31,45.15,5.01,47.02,407.27,27.85,39.31,44.75,91.51,157.0,7.34,30.75,6.43,4.94,12.17,86.25,1.85,0.47,2.76
Pumlen,2022,Post-monsoon,1,12.67,20.0,6.75,0.57,52.09,40.7,7.51,55.62,573.99,24.4,39.46,50.5,93.3,153.0,6.25,22.5,6.95,4.19,12.96,82.5,1.14,0.65,1.87
Pumlen,2022,Winter,1,9.27,17.0,6.4,0.61,47.62,63.23,6.9,51.84,612.75,17.03,28.54,44.67,81.26,127.0,7.07,13.33,6.01,4.88,13.8,98.33,2.01,0.33,1.5
Pumlen,2022,Pre-monsoon,2,8.01,22.33,6.13,0.75,44.45,97.17,3.42,79.58,685.13,23.7,32.09,58.33,100.43,175.67,7.52,25.33,4.77,5.59,11.46,95.0,2.83,0.37,1.19
Pumlen,2022,Monsoon,2,14.75,24.75,6.9,0.59,63.22,48.75,4.36,64.18,487.1,27.18,35.41,44.25,94.36,149.93,7.21,34.0,6.16,5.7,10.09,90.0,1.78,0.39,2.54
Pumlen,2022,Post-monsoon,2,15.69,19.5,6.8,0.5,56.3,54.1,7.28,69.76,616.22,24.0,41.86,48.5,97.56,148.5,6.8,27.0,6.71,4.49,12.92,82.5,1.0,0.5,3.19
Pumlen,2022,Winter,2,9.22,16.33,6.33,0.67,46.89,44.9,6.19,47.33,661.99,18.1,28.93,46.0,91.89,128.33,6.9,18.0,5.22,5.67,12.86,90.0,1.47,0.29,1.44
Pumlen,2022,Pre-monsoon,3,10.62,22.67,6.34,0.7,38.0,138.5,4.6,91.87,678.77,26.63,28.22,60.0,104.67,172.33,7.7,29.0,6.58,5.86,12.15,98.33,1.73,0.39,1.6
Pumlen,2022,Monsoon,3,14.88,24.25,6.18,0.6,63.2,121.55,2.84,53.46,529.7,27.48,35.6,49.5,82.58,150.75,7.27,31.5,6.46,4.54,10.44,98.75,1.43,0.45,2.56
Pumlen,2022,Post-monsoon,3,15.04,21.5,6.75,0.54,51.79,42.7,4.95,58.55,621.88,25.25,40.09,51.5,97.45,172.0,5.85,26.0,6.55,3.99,12.69,85.0,0.8,0.32,2.86
Pumlen,2022,Winter,3,9.05,17.0,6.26,0.68,43.67,66.23,4.91,56.61,698.99,17.9,31.15,46.67,92.87,160.67,6.87,21.33,5.62,5.18,12.26,83.33,1.17,0.22,1.39
Pumlen,2022,Pre-monsoon,4,10.43,22.33,6.26,0.71,39.45,103.2,4.21,67.1,637.07,26.9,30.97,60.0,83.6,140.33,7.65,18.67,6.41,5.62,11.94,91.67,1.97,0.33,1.48
Pumlen,2022,Monsoon,4,14.91,24.0,6.73,0.64,58.59,81.55,4.16,54.84,507.08,28.08,38.42,47.0,84.52,149.75,7.09,26.5,6.69,4.71,11.02,88.75,1.33,0.43,2.37
Pumlen,2022,Post-monsoon,4,15.06,20.0,6.65,0.51,56.04,79.5,5.98,51.89,620.26,24.2,40.11,43.5,74.29,131.5,7.45,23.0,6.49,4.79,12.32,77.5,0.8,0.29,2.98
Pumlen,2022,Winter,4,9.87,17.0,6.3,0.63,45.38,52.9,4.5,52.69,643.34,18.3,28.51,49.67,88.8,130.67,7.12,18.33,5.87,6.36,13.22,75.0,1.1,0.24,1.71
Pumlen,2022,Pre-monsoon,5,8.07,22.67,6.2,0.77,42.59,89.6,3.16,69.17,670.32,26.63,29.95,60.67,94.96,155.33,7.58,21.67,5.99,5.81,12.29,96.67,2.07,0.24,1.22
Pumlen,2022,Monsoon,5,14.35,24.25,6.18,0.6,61.56,62.15,4.8,58.07,486.98,27.48,36.07,46.0,95.92,154.5,6.87,27.0,6.58,5.07,10.81,100.0,1.45,0.52,2.51
Pumlen,2022,Post-monsoon,5,14.87,21.5,6.65,0.54,54.95,37.4,6.71,56.86,646.88,25.25,40.56,43.5,91.83,159.5,6.4,23.0,6.65,4.69,12.65,77.5,0.95,0.34,2.86
Pumlen,2022,Winter,5,9.08,17.0,6.33,0.68,45.37,48.67,6.9,47.95,621.06,17.9,29.62,42.67,81.43,126.67,6.97,16.33,6.06,5.27,12.75,80.0,1.53,0.25,1.39
Loktak,2023,Pre-monsoon,1,21.3,23.67,6.33,0.67,46.02,116.34,6.33,186.64,543.2,25.07,28.67,51.33,83.37,127.67,8.9,13.8,6.47,2.59,7.14,109.67,2.17,0.13,3.26
Loktak,2023,Monsoon,1,19.41,24.38,6.78,0.62,62.8,109.58,5.53,141.56,440.8,27.43,22.53,57.5,75.38,144.75,7.19,12.48,5.5,4.62,11.62,95.25,2.5,0.12,3.21
Loktak,2023,Post-monsoon,1,20.41,20.75,6.75,0.74,52.77,120.28,9.57,128.49,614.4,22.85,12.75,67.0,76.0,122.5,9.35,11.7,8.45,2.38,5.65,82.5,2.0,0.12,2.79
Loktak,2023,Winter,1,20.97,16.67,6.4,0.77,46.13,91.75,9.28,189.76,784.8,17.17,13.3,75.67,68.27,110.67,8.18,8.9,6.4,3.34,7.35,90.67,1.67,0.1,2.69
Loktak,2023,Pre-monsoon,2,21.68,24.17,6.23,0.75,41.55,95.25,6.9,191.45,628.8,25.27,15.6,51.67,69.6,124.0,8.63,14.07,6.3,1.7,6.6,78.67,1.83,0.1,2.95
Loktak,2023,Monsoon,2,19.43,24.88,6.85,0.73,55.61,104.7,5.97,161.52,541.6,27.2,11.48,53.75,60.85,106.5,9.24,13.1,7.83,3.15,8.31,75.25,1.8,0.1,2.7
Loktak,2023,Post-monsoon,2,20.05,20.5,6.78,0.73,52.25,98.99,11.03,198.05,626.8,22.8,5.95,57.5,74.1,132.0,9.54,9.45,8.4,1.52,4.52,75.5,1.6,0.11,2.75
Loktak,2023,Winter,2,21.11,16.17,6.37,0.74,48.57,106.95,8.41,183.87,683.2,17.73,6.5,59.67,68.47,113.33,7.9,10.87,7.67,2.48,5.96,72.33,1.23,0.09,2.87
Loktak,2023,Pre-monsoon,3,21.33,24.67,6.8,0.74,41.48,88.4,7.87,154.13,612.4,23.4,20.33,56.33,69.33,138.0,8.49,9.17,7.1,3.83,7.91,91.33,1.73,0.09,2.94
Loktak,2023,Monsoon,3,19.14,24.25,6.85,0.6,62.65,104.56,4.53,145.25,504.8,27.53,17.25,54.5,65.25,127.0,8.5,8.4,7.33,5.55,14.99,77.5,1.68,0.12,3.2
Loktak,2023,Post-monsoon,3,19.42,21.25,6.75,0.8,47.9,109.62,10.83,197.59,644.8,23.6,10.25,62.5,77.05,148.0,9.57,13.95,9.2,2.54,5.87,77.5,1.45,0.12,2.44
Loktak,2023,Winter,3,21.11,16.17,6.33,0.74,48.57,106.95,8.41,187.87,794.8,17.73,6.5,59.67,68.47,113.33,7.9,10.87,7.67,2.48,5.96,72.33,1.23,0.09,2.87
Loktak,2023,Pre-monsoon,4,22.33,24.17,6.8,0.75,41.75,84.62,6.27,220.64,633.6,24.9,22.17,71.33,80.37,141.67,7.94,9.2,7.77,3.38,7.55,90.67,1.03,0.12,2.96
Loktak,2023,Monsoon,4,19.68,24.75,6.78,0.72,56.08,98.06,6.9,194.08,499.2,27.7,16.9,56.25,65.13,133.75,8.32,5.95,6.98,4.54,8.69,80.25,1.63,0.12,2.74
Loktak,2023,Post-monsoon,4,19.48,20.5,6.65,0.77,56.0,108.63,11.11,242.73,690.0,23.25,11.35,56.5,76.6,127.0,9.07,8.1,8.1,1.37,3.64,78.0,1.8,0.13,3.0
Loktak,2023,Winter,4,21.19,16.83,6.34,0.83,44.11,82.11,9.65,197.21,705.6,18.47,10.17,69.67,69.97,114.67,7.9,7.23,7.57,3.28,7.76,88.33,1.13,0.13,2.56
Loktak,2023,Pre-monsoon,5,22.18,22.67,6.23,0.68,45.97,115.59,5.22,145.21,530.4,24.53,25.03,69.33,78.47,155.33,7.35,7.83,6.67,4.79,8.56,108.33,1.1,0.13,3.26
Loktak,2023,Monsoon,5,19.19,25.14,6.77,0.6,63.06,101.14,5.74,183.26,456.4,27.83,30.35,54.75,66.45,147.25,7.37,8.08,4.9,3.85,9.07,93.0,1.15,0.1,3.21
Loktak,2023,Post-monsoon,5,20.13,19.75,6.65,0.75,51.35,116.42,9.97,114.55,567.6,23.6,12.3,57.5,74.3,118.5,8.64,5.4,7.6,3.75,6.39,84.5,1.05,0.13,2.68
Loktak,2023,Winter,5,21.52,15.67,6.35,0.77,47.81,115.84,8.35,189.88,688.4,18.43,10.27,62.33,70.6,114.67,7.93,8.27,4.3,4.16,8.91,84.0,1.2,0.12,2.81
Pumlen,2023,Pre-monsoon,1,9.74,20.67,6.28,0.74,48.43,72.53,4.53,58.8,766.13,24.4,27.97,63.33,92.83,166.67,7.32,26.67,4.54,5.6,12.87,107.23,1.93,0.31,1.41
Pumlen,2023,Monsoon,1,13.82,24.25,6.73,0.54,62.63,48.45,5.25,49.8,420.6,28.3,37.05,47.35,94.58,159.75,7.36,26.75,6.25,4.83,11.33,91.5,1.94,0.42,2.67
Pumlen,2023,Post-monsoon,1,12.24,19.5,6.7,0.57,53.1,43.15,7.75,58.7,591.6,24.3,37.4,51.57,96.0,156.63,6.38,22.5,6.9,4.1,14.1,85.5,1.4,0.46,1.86
Pumlen,2023,Winter,1,9.3,16.0,6.37,0.6,48.67,66.23,7.17,54.7,710.13,18.1,28.13,45.67,83.53,129.0,7.12,13.67,6.0,4.82,13.93,101.33,1.12,0.37,1.55
Pumlen,2023,Pre-monsoon,2,10.34,21.67,6.13,0.73,45.27,101.37,4.23,83.53,792.0,24.03,31.0,57.0,103.03,179.33,7.55,23.33,4.7,5.49,11.6,98.67,2.77,0.26,1.51
Pumlen,2023,Monsoon,2,14.26,24.75,6.9,0.57,64.58,51.9,4.53,56.88,509.2,27.63,33.55,46.68,97.05,152.5,7.24,29.75,5.99,5.54,10.28,95.0,1.85,0.36,2.55
Pumlen,2023,Post-monsoon,2,13.58,19.5,6.8,0.48,57.4,56.85,7.55,73.1,631.2,23.9,39.65,49.34,101.0,151.5,6.9,27.45,6.68,4.4,13.05,95.45,1.05,0.47,2.85
Pumlen,2023,Winter,2,9.19,16.33,6.33,0.65,48.1,47.4,6.4,49.73,717.6,19.17,28.57,47.23,94.2,130.33,6.98,18.33,5.22,5.57,13.0,92.67,1.18,0.3,1.49
Pumlen,2023,Pre-monsoon,3,10.62,22.33,6.37,0.68,38.83,143.77,4.8,96.27,772.53,26.97,27.57,61.67,107.53,174.67,7.63,27.0,6.48,5.79,12.23,102.23,1.75,0.19,1.65
Pumlen,2023,Monsoon,3,14.51,24.75,6.18,0.58,64.5,126.73,2.68,56.65,536.6,27.93,33.68,52.54,85.65,153.25,7.24,28.25,6.33,4.45,10.63,103.75,1.51,0.4,2.56
Pumlen,2023,Post-monsoon,3,14.26,21.0,6.75,0.52,53.25,45.2,5.2,61.9,620.0,25.15,37.75,52.87,100.2,164.54,6.05,26.35,6.5,3.92,12.85,88.78,1.85,0.43,2.8
Pumlen,2023,Winter,3,9.03,17.0,6.36,0.66,44.77,69.53,5.13,59.57,732.8,18.97,30.63,47.73,97.53,136.33,6.95,21.33,5.61,5.11,12.43,86.0,1.23,0.23,1.43
Pumlen,2023,Pre-monsoon,4,10.46,22.0,6.37,0.69,40.33,106.9,4.53,70.5,770.67,27.23,29.83,61.67,86.47,143.33,7.95,17.67,6.32,5.55,12.03,95.33,1.53,0.25,1.53
Pumlen,2023,Monsoon,4,14.71,24.0,6.73,0.62,59.75,85.43,4.35,57.63,482.0,28.53,36.0,49.45,89.65,152.0,7.14,24.25,6.53,4.61,11.18,93.75,1.4,0.39,2.41
Pumlen,2023,Post-monsoon,4,14.86,20.0,6.65,0.49,57.4,83.0,6.25,54.7,580.4,24.1,38.05,44.46,86.4,153.5,7.45,23.03,6.45,4.68,12.45,80.5,1.85,0.32,3.06
Pumlen,2023,Winter,4,9.24,16.67,6.3,0.61,46.5,55.23,4.7,55.57,770.13,19.37,28.13,50.67,91.1,132.67,7.43,18.0,5.85,6.23,13.37,78.0,1.15,0.25,1.62
Pumlen,2023,Pre-monsoon,5,8.08,22.67,6.2,0.75,43.53,93.2,3.87,72.5,738.13,26.97,28.93,62.33,97.43,158.33,7.6,20.33,5.89,5.76,12.4,101.12,2.07,0.23,1.25
Pumlen,2023,Monsoon,5,13.97,24.25,6.18,0.58,62.93,65.38,4.95,61.25,471.8,27.93,34.15,48.35,98.7,156.75,6.59,24.25,6.4,4.96,10.98,104.75,1.53,0.47,2.51
Pumlen,2023,Post-monsoon,5,13.75,21.5,6.65,0.52,56.3,39.3,6.95,59.9,664.8,25.15,38.3,44.35,93.9,162.14,6.5,23.12,5.98,4.6,12.8,88.35,1.0,0.34,2.72
Pumlen,2023,Winter,5,9.07,17.0,6.33,0.66,46.63,51.13,7.1,50.33,747.73,18.97,29.23,43.84,83.83,128.67,7.03,16.67,6.03,5.19,12.9,82.33,1.52,0.26,1.43
