Sheet,Variable A,Variable B,Reported r,Recomputed r,Absolute difference
heatmap1,soil temperature,Soil Carbon Stock,0.145376466495643,0.1455160065977836,0.0001395401021405951
heatmap1,pH,Soil Carbon Stock,0.36,0.35981420790672514,0.00018579209327485025
heatmap1,pH,soil temperature,0.349,0.3512884670873174,0.0022884670873174473
heatmap1,bulk density,Soil Carbon Stock,0.339,0.34451080052897676,0.005510800528976734
heatmap1,bulk density,soil temperature,-0.18630888369879653,-0.18343073230525386,0.002878151393542666
heatmap1,bulk density,pH,-0.224,-0.21777834694877407,0.006221653051225934
heatmap1,soil moisture,Soil Carbon Stock,0.12169792493366285,0.12175967629636662,6.175136270376858e-05
heatmap1,soil moisture,soil temperature,0.449,0.44866140323037146,0.0003385967696285519
heatmap1,soil moisture,pH,0.448,0.4521304287775185,0.004130428777518513
heatmap1,soil moisture,bulk density,-0.626,-0.6200721840037061,0.005927815996293884
heatmap1,SOC,Soil Carbon Stock,0.865,0.8650474986617915,4.749866179154516e-05
heatmap1,SOC,soil temperature,0.297,0.2970210176114353,2.101761143530334e-05
heatmap1,SOC,pH,0.477,0.47796632845232934,0.0009663284523293569
heatmap1,SOC,bulk density,-0.13798335414558946,-0.13073245481692675,0.007250899328662713
heatmap1,SOC,soil moisture,0.469,0.46917334963253654,0.000173349632536568
heatmap1,available nitrogen,Soil Carbon Stock,0.51,0.5099943680297941,5.631970205866033e-06
heatmap1,available nitrogen,soil temperature,0.16666476548027637,0.1668136208849227,0.00014885540464631974
heatmap1,available nitrogen,pH,-0.13894800701218937,-0.13753524630361658,0.0014127607085727967
heatmap1,available nitrogen,bulk density,0.544,0.5465857516998528,0.0025857516998527563
heatmap1,available nitrogen,soil moisture,-0.18992531711263722,-0.18989659554700836,2.8721565628858636e-05
heatmap1,available nitrogen,SOC,0.289,0.2888087488452518,0.00019125115474816212
heatmap1,available phosphorus,Soil Carbon Stock,0.539,0.5394080008254576,0.0004080008254575551
heatmap1,available phosphorus,soil temperature,-0.459,-0.4589017525712952,9.824742870484515e-05
heatmap1,available phosphorus,pH,0.298,0.29560106585130996,0.002398934148690024
heatmap1,available phosphorus,bulk density,0.417,0.42553907331713153,0.008539073317131551
heatmap1,available phosphorus,soil moisture,-0.19486117297663072,-0.1944552141033085,0.0004059588733222319
heatmap1,available phosphorus,SOC,0.32,0.320031978660239,3.1978660239018186e-05
heatmap1,available phosphorus,available nitrogen,0.15767731791204206,0.15761389582250973,6.342208953233341e-05
heatmap1,available potassium,Soil Carbon Stock,0.863,0.862516935099536,0.0004830649004640142
heatmap1,available potassium,soil temperature,0.0041968383684898025,0.004349409894064052,0.0001525715255742497
heatmap1,available potassium,pH,0.16416436761549716,0.16276575133590515,0.0013986162795920076
heatmap1,available potassium,bulk density,0.625,0.6284710050830089,0.0034710050830089045
heatmap1,available potassium,soil moisture,-0.18034718824318982,-0.18026598258993135,8.120565325847595e-05
heatmap1,available potassium,SOC,0.597,0.5970613054713791,6.130547137916942e-05
heatmap1,available potassium,available nitrogen,0.625,0.6253817079503424,0.0003817079503424248
heatmap1,available potassium,available phosphorus,0.593,0.5927253785248741,0.0002746214751259135
heatmap2,pH,soil temperature,0.349,0.3512884670873174,0.0022884670873174473
heatmap2,bulk density,soil temperature,-0.18630888369879653,-0.18343073230525386,0.002878151393542666
heatmap2,bulk density,pH,-0.224,-0.21777834694877407,0.006221653051225934
heatmap2,soil moisture,soil temperature,0.449,0.44866140323037146,0.0003385967696285519
heatmap2,soil moisture,pH,0.448,0.4521304287775185,0.004130428777518513
heatmap2,soil moisture,bulk density,-0.626,-0.6200721840037061,0.005927815996293884
heatmap2,SOC,soil temperature,0.297,0.2970210176114353,2.101761143530334e-05
heatmap2,SOC,pH,0.477,0.47796632845232934,0.0009663284523293569
heatmap2,SOC,bulk density,-0.13798335414558946,-0.13073245481692675,0.007250899328662713
heatmap2,SOC,soil moisture,0.469,0.46917334963253654,0.000173349632536568
heatmap2,available nitrogen,soil temperature,0.16666476548027637,0.1668136208849227,0.00014885540464631974
heatmap2,available nitrogen,pH,-0.13894800701218937,-0.13753524630361658,0.0014127607085727967
heatmap2,available nitrogen,bulk density,0.544,0.5465857516998528,0.0025857516998527563
heatmap2,available nitrogen,soil moisture,-0.18992531711263722,-0.18989659554700836,2.8721565628858636e-05
heatmap2,available nitrogen,SOC,0.289,0.2888087488452518,0.00019125115474816212
heatmap2,available phosphorus,soil temperature,-0.459,-0.4589017525712952,9.824742870484515e-05
heatmap2,available phosphorus,pH,0.298,0.29560106585130996,0.002398934148690024
heatmap2,available phosphorus,bulk density,0.417,0.42553907331713153,0.008539073317131551
heatmap2,available phosphorus,soil moisture,-0.19486117297663072,-0.1944552141033085,0.0004059588733222319
heatmap2,available phosphorus,SOC,0.32,0.320031978660239,3.1978660239018186e-05
heatmap2,available phosphorus,available nitrogen,0.15767731791204206,0.15761389582250973,6.342208953233341e-05
heatmap2,available potassium,soil temperature,0.0041968383684898025,0.004349409894064052,0.0001525715255742497
heatmap2,available potassium,pH,0.16416436761549716,0.16276575133590515,0.0013986162795920076
heatmap2,available potassium,bulk density,0.625,0.6284710050830089,0.0034710050830089045
heatmap2,available potassium,soil moisture,-0.18034718824318982,-0.18026598258993135,8.120565325847595e-05
heatmap2,available potassium,SOC,0.597,0.5970613054713791,6.130547137916942e-05
heatmap2,available potassium,available nitrogen,0.625,0.6253817079503424,0.0003817079503424248
heatmap2,available potassium,available phosphorus,0.593,0.5927253785248741,0.0002746214751259135
heatmap3,TDS,water temperature,0.1942227469946115,0.19430718637011202,8.443937550051128e-05
heatmap3,EC,water temperature,0.527,0.526537944620164,0.00046205537983601275
heatmap3,EC,TDS,0.775,0.7751783228568117,0.00017832285681163018
heatmap3,water pH,water temperature,0.012213390525896853,0.011931703204869578,0.00028168732102727516
heatmap3,water pH,TDS,-0.601,-0.6008533162228319,0.00014668377716808845
heatmap3,water pH,EC,-0.55,-0.5507047067905636,0.0007047067905635584
heatmap3,co2,water temperature,0.353,0.3530682935440824,6.829354408244281e-05
heatmap3,co2,TDS,0.753,0.7532953358747587,0.0002953358747587176
heatmap3,co2,EC,0.718,0.718436387519182,0.00043638751918206875
heatmap3,co2,water pH,-0.769,-0.7691892828145903,0.00018928281459029694
heatmap3,Turbidity,water temperature,0.313,0.3129929486857697,7.051314230288597e-06
heatmap3,Turbidity,TDS,0.802,0.8019399473231867,6.005267681330473e-05
heatmap3,Turbidity,EC,0.667,0.6670058345557993,5.83455579927783e-06
heatmap3,Turbidity,water pH,-0.578,-0.5779476763345723,5.232366542762268e-05
heatmap3,Turbidity,co2,0.791,0.7909956816993227,4.318300677375042e-06
heatmap3,do,water temperature,-0.00512802356928186,-0.0050662185495968974,6.180501968496271e-05
heatmap3,do,TDS,-0.414,-0.41431909165243264,0.000319091652432657
heatmap3,do,EC,-0.417,-0.4170672703126856,6.727031268560779e-05
heatmap3,do,water pH,0.625,0.6260825474636953,0.0010825474636952936
heatmap3,do,co2,-0.526,-0.5258763355200455,0.00012366447995448837
heatmap3,do,Turbidity,-0.383,-0.3830675292046235,6.752920462349543e-05
heatmap3,bod,water temperature,0.15531529034465547,0.1557725866269635,0.000457296282308034
heatmap3,bod,TDS,0.546,0.5458890287632412,0.00011097123675885001
heatmap3,bod,EC,0.528,0.5283336174367891,0.00033361743678905764
heatmap3,bod,water pH,-0.654,-0.6541281785225188,0.0001281785225187848
heatmap3,bod,co2,0.648,0.6483411703773055,0.0003411703773055219
heatmap3,bod,Turbidity,0.505,0.5047369524097685,0.00026304759023154656
heatmap3,bod,do,-0.634,-0.6340810377704178,8.103777041779114e-05
heatmap3,cod,water temperature,0.14442581684024033,0.1448692687548293,0.0004434519145889715
heatmap3,cod,TDS,0.566,0.5657631519281237,0.00023684807187629442
heatmap3,cod,EC,0.522,0.5223253121523037,0.0003253121523036917
heatmap3,cod,water pH,-0.747,-0.7473902819673224,0.0003902819673223812
heatmap3,cod,co2,0.754,0.7546246563026556,0.000624656302655624
heatmap3,cod,Turbidity,0.564,0.5643972017775976,0.0003972017775976111
heatmap3,cod,do,-0.6,-0.5996522543132201,0.0003477456867798656
heatmap3,cod,bod,0.868,0.8679159708565936,8.402914340643886e-05
heatmap3,alkalinity,water temperature,0.375,0.3750952705354152,9.527053541519281e-05
heatmap3,alkalinity,TDS,0.464,0.4638380878639893,0.0001619121360107445
heatmap3,alkalinity,EC,0.56,0.5603288709444326,0.0003288709444325688
heatmap3,alkalinity,water pH,-0.36,-0.3601935448364596,0.00019354483645961373
heatmap3,alkalinity,co2,0.522,0.5220555637150721,5.5563715072093345e-05
heatmap3,alkalinity,Turbidity,0.351,0.3511419697402426,0.000141969740242609
heatmap3,alkalinity,do,-0.535,-0.534795316987211,0.0002046830127890864
heatmap3,alkalinity,bod,0.417,0.41707822519784254,7.822519784256299e-05
heatmap3,alkalinity,cod,0.354,0.354384663307114,0.0003846633071140082
heatmap3,hardness,water temperature,-0.15087731931641138,-0.15102857181869542,0.0001512525022840383
heatmap3,hardness,TDS,-0.349,-0.34876755475833954,0.00023244524166043945
heatmap3,hardness,EC,-0.20625950614082306,-0.2063170737811029,5.756764027983752e-05
heatmap3,hardness,water pH,0.403,0.40346511042473415,0.00046511042473412756
heatmap3,hardness,co2,-0.576,-0.5764691899059395,0.0004691899059395821
heatmap3,hardness,Turbidity,-0.507,-0.5067244841481474,0.0002755158518525924
heatmap3,hardness,do,0.284,0.2844160998261894,0.0004160998261893978
heatmap3,hardness,bod,-0.29,-0.2898399369080204,0.0001600630919795787
heatmap3,hardness,cod,-0.479,-0.4786785013264046,0.0003214986735953773
heatmap3,hardness,alkalinity,-0.07942041631214716,-0.07947980105863935,5.938474649218317e-05
heatmap3,Potassium,water temperature,0.322,0.32337634517419106,0.0013763451741910515
heatmap3,Potassium,TDS,0.11843149741897774,0.11874274724274202,0.00031124982376427857
heatmap3,Potassium,EC,0.1971248250345831,0.1974505327191078,0.0003257076845247231
heatmap3,Potassium,water pH,0.266,0.2652082999135742,0.0007917000864258172
heatmap3,Potassium,co2,-0.017592350227633804,-0.016201024041320736,0.0013913261863130674
heatmap3,Potassium,Turbidity,0.09625956325172058,0.09722580646467294,0.0009662432129523557
heatmap3,Potassium,do,-0.1541391668455936,-0.15463858829299218,0.0004994214473985903
heatmap3,Potassium,bod,0.02182560582896493,0.02272329870139516,0.0008976928724302308
heatmap3,Potassium,cod,-0.028690946242213713,-0.02771613059106807,0.0009748156511456413
heatmap3,Potassium,alkalinity,0.307,0.3081999522685551,0.0011999522685551267
heatmap3,Potassium,hardness,0.07900316773243231,0.07712022501902024,0.001882942713412064
heatmap3,inorganic phosphorus,water temperature,0.244,0.24452370046403915,0.0005237004640391563
heatmap3,inorganic phosphorus,TDS,0.747,0.7443261923237626,0.002673807676237372
heatmap3,inorganic phosphorus,EC,0.592,0.5890358245308434,0.0029641754691566158
heatmap3,inorganic phosphorus,water pH,-0.699,-0.6980753418663319,0.0009246581336680437
heatmap3,inorganic phosphorus,co2,0.83,0.8283560591768244,0.0016439408231755381
heatmap3,inorganic phosphorus,Turbidity,0.838,0.8355837173979226,0.0024162826020773798
heatmap3,inorganic phosphorus,do,-0.325,-0.3215250204260049,0.0034749795739951184
heatmap3,inorganic phosphorus,bod,0.518,0.5187604336794439,0.0007604336794438948
heatmap3,inorganic phosphorus,cod,0.641,0.6401940240933401,0.0008059759066598726
heatmap3,inorganic phosphorus,alkalinity,0.331,0.32841103235747715,0.002588967642522866
heatmap3,inorganic phosphorus,hardness,-0.547,-0.5462989813157608,0.0007010186842392185
heatmap3,inorganic phosphorus,Potassium,-0.07799302850463852,-0.07811007352107094,0.00011704501643242105
heatmap4,water temperature,Phytoplankton carbon,-0.661,-0.6613256429131278,0.00032564291312775495
heatmap4,TDS,Phytoplankton carbon,0.07930842280809484,0.07923368833420835,7.473447388649246e-05
heatmap4,TDS,water temperature,0.1942227469946115,0.19430718637011202,8.443937550051128e-05
heatmap4,EC,Phytoplankton carbon,-0.19044990899489936,-0.19045647407249286,6.565077593501112e-06
heatmap4,EC,water temperature,0.527,0.526537944620164,0.00046205537983601275
heatmap4,EC,TDS,0.775,0.7751783228568117,0.00017832285681163018
heatmap4,water pH,Phytoplankton carbon,0.0544150707497675,0.054486199519719364,7.112876995186285e-05
heatmap4,water pH,water temperature,0.012213390525896853,0.011931703204869578,0.00028168732102727516
heatmap4,water pH,TDS,-0.601,-0.6008533162228319,0.00014668377716808845
heatmap4,water pH,EC,-0.55,-0.5507047067905636,0.0007047067905635584
heatmap4,co2,Phytoplankton carbon,-0.245,-0.2448538587984247,0.00014614120157530053
heatmap4,co2,water temperature,0.353,0.3530682935440824,6.829354408244281e-05
heatmap4,co2,TDS,0.753,0.7532953358747587,0.0002953358747587176
heatmap4,co2,EC,0.718,0.718436387519182,0.00043638751918206875
heatmap4,co2,water pH,-0.769,-0.7691892828145903,0.00018928281459029694
heatmap4,Turbidity,Phytoplankton carbon,-0.0782356136272425,-0.07827423246548958,3.861883824707313e-05
heatmap4,Turbidity,water temperature,0.313,0.3129929486857697,7.051314230288597e-06
heatmap4,Turbidity,TDS,0.802,0.8019399473231867,6.005267681330473e-05
heatmap4,Turbidity,EC,0.667,0.6670058345557993,5.83455579927783e-06
heatmap4,Turbidity,water pH,-0.578,-0.5779476763345723,5.232366542762268e-05
heatmap4,Turbidity,co2,0.791,0.7909956816993227,4.318300677375042e-06
heatmap4,do,Phytoplankton carbon,-0.0019042458075304095,-0.001829583121896832,7.466268563357755e-05
heatmap4,do,water temperature,-0.00512802356928186,-0.0050662185495968974,6.180501968496271e-05
heatmap4,do,TDS,-0.414,-0.41431909165243264,0.000319091652432657
heatmap4,do,EC,-0.417,-0.4170672703126856,6.727031268560779e-05
heatmap4,do,water pH,0.625,0.6260825474636953,0.0010825474636952936
heatmap4,do,co2,-0.526,-0.5258763355200455,0.00012366447995448837
heatmap4,do,Turbidity,-0.383,-0.3830675292046235,6.752920462349543e-05
heatmap4,bod,Phytoplankton carbon,-0.05096805568908943,-0.0511676680499801,0.0001996123608906733
heatmap4,bod,water temperature,0.15531529034465547,0.1557725866269635,0.000457296282308034
heatmap4,bod,TDS,0.546,0.5458890287632412,0.00011097123675885001
heatmap4,bod,EC,0.528,0.5283336174367891,0.00033361743678905764
heatmap4,bod,water pH,-0.654,-0.6541281785225188,0.0001281785225187848
heatmap4,bod,co2,0.648,0.6483411703773055,0.0003411703773055219
heatmap4,bod,Turbidity,0.505,0.5047369524097685,0.00026304759023154656
heatmap4,bod,do,-0.634,-0.6340810377704178,8.103777041779114e-05
heatmap4,cod,Phytoplankton carbon,-0.07452091228683703,-0.07494122372735504,0.0004203114405180036
heatmap4,cod,water temperature,0.14442581684024033,0.1448692687548293,0.0004434519145889715
heatmap4,cod,TDS,0.566,0.5657631519281237,0.00023684807187629442
heatmap4,cod,EC,0.522,0.5223253121523037,0.0003253121523036917
heatmap4,cod,water pH,-0.747,-0.7473902819673224,0.0003902819673223812
heatmap4,cod,co2,0.754,0.7546246563026556,0.000624656302655624
heatmap4,cod,Turbidity,0.564,0.5643972017775976,0.0003972017775976111
heatmap4,cod,do,-0.6,-0.5996522543132201,0.0003477456867798656
heatmap4,cod,bod,0.868,0.8679159708565936,8.402914340643886e-05
heatmap4,alkalinity,Phytoplankton carbon,-0.20517835048434344,-0.2051967012514705,1.8350767127056633e-05
heatmap4,alkalinity,water temperature,0.375,0.3750952705354152,9.527053541519281e-05
heatmap4,alkalinity,TDS,0.464,0.4638380878639893,0.0001619121360107445
heatmap4,alkalinity,EC,0.56,0.5603288709444326,0.0003288709444325688
heatmap4,alkalinity,water pH,-0.36,-0.3601935448364596,0.00019354483645961373
heatmap4,alkalinity,co2,0.522,0.5220555637150721,5.5563715072093345e-05
heatmap4,alkalinity,Turbidity,0.351,0.3511419697402426,0.000141969740242609
heatmap4,alkalinity,do,-0.535,-0.534795316987211,0.0002046830127890864
heatmap4,alkalinity,bod,0.417,0.41707822519784254,7.822519784256299e-05
heatmap4,alkalinity,cod,0.354,0.354384663307114,0.0003846633071140082
heatmap4,hardness,Phytoplankton carbon,0.308,0.3080159513288842,1.595132888421169e-05
heatmap4,hardness,water temperature,-0.15087731931641138,-0.15102857181869542,0.0001512525022840383
heatmap4,hardness,TDS,-0.349,-0.34876755475833954,0.00023244524166043945
heatmap4,hardness,EC,-0.20625950614082306,-0.2063170737811029,5.756764027983752e-05
heatmap4,hardness,water pH,0.403,0.40346511042473415,0.00046511042473412756
heatmap4,hardness,co2,-0.576,-0.5764691899059395,0.0004691899059395821
heatmap4,hardness,Turbidity,-0.507,-0.5067244841481474,0.0002755158518525924
heatmap4,hardness,do,0.284,0.2844160998261894,0.0004160998261893978
heatmap4,hardness,bod,-0.29,-0.2898399369080204,0.0001600630919795787
heatmap4,hardness,cod,-0.479,-0.4786785013264046,0.0003214986735953773
heatmap4,hardness,alkalinity,-0.07942041631214716,-0.07947980105863935,5.938474649218317e-05
heatmap4,Potassium,Phytoplankton carbon,-0.1368224248098569,-0.1386399630208322,0.0018175382109753002
heatmap4,Potassium,water temperature,0.322,0.32337634517419106,0.0013763451741910515
heatmap4,Potassium,TDS,0.11843149741897774,0.11874274724274202,0.00031124982376427857
heatmap4,Potassium,EC,0.1971248250345831,0.1974505327191078,0.0003257076845247231
heatmap4,Potassium,water pH,0.266,0.2652082999135742,0.0007917000864258172
heatmap4,Potassium,co2,-0.017592350227633804,-0.016201024041320736,0.0013913261863130674
heatmap4,Potassium,Turbidity,0.09625956325172058,0.09722580646467294,0.0009662432129523557
heatmap4,Potassium,do,-0.1541391668455936,-0.15463858829299218,0.0004994214473985903
heatmap4,Potassium,bod,0.02182560582896493,0.02272329870139516,0.0008976928724302308
heatmap4,Potassium,cod,-0.028690946242213713,-0.02771613059106807,0.0009748156511456413
heatmap4,Potassium,alkalinity,0.307,0.3081999522685551,0.0011999522685551267
heatmap4,Potassium,hardness,0.07900316773243231,0.07712022501902024,0.001882942713412064
heatmap4,inorganic phosphorus,Phytoplankton carbon,-0.18941162282521723,-0.19008054018807546,0.0006689173628582346
heatmap4,inorganic phosphorus,water temperature,0.244,0.24452370046403915,0.0005237004640391563
heatmap4,inorganic phosphorus,TDS,0.747,0.7443261923237626,0.002673807676237372
heatmap4,inorganic phosphorus,EC,0.592,0.5890358245308434,0.0029641754691566158
heatmap4,inorganic phosphorus,water pH,-0.699,-0.6980753418663319,0.0009246581336680437
heatmap4,inorganic phosphorus,co2,0.83,0.8283560591768244,0.0016439408231755381
heatmap4,inorganic phosphorus,Turbidity,0.838,0.8355837173979226,0.0024162826020773798
heatmap4,inorganic phosphorus,do,-0.325,-0.3215250204260049,0.0034749795739951184
heatmap4,inorganic phosphorus,bod,0.518,0.5187604336794439,0.0007604336794438948
heatmap4,inorganic phosphorus,cod,0.641,0.6401940240933401,0.0008059759066598726
heatmap4,inorganic phosphorus,alkalinity,0.331,0.32841103235747715,0.002588967642522866
heatmap4,inorganic phosphorus,hardness,-0.547,-0.5462989813157608,0.0007010186842392185
heatmap4,inorganic phosphorus,Potassium,-0.07799302850463852,-0.07811007352107094,0.00011704501643242105
