,Soil Carbon Stock,soil temperature,pH,bulk density,soil moisture,SOC,available nitrogen,available phosphorus,available potassium
Soil Carbon Stock,1.0,0.145376466495643,0.36,0.339,0.12169792493366285,0.865,0.51,0.539,0.863
soil temperature,0.145376466495643,1.0,0.349,-0.18630888369879653,0.449,0.297,0.16666476548027637,-0.459,0.0041968383684898025
pH,0.36,0.349,1.0,-0.224,0.448,0.477,-0.13894800701218937,0.298,0.16416436761549716
bulk density,0.339,-0.18630888369879653,-0.224,1.0,-0.626,-0.13798335414558946,0.544,0.417,0.625
soil moisture,0.12169792493366285,0.449,0.448,-0.626,1.0,0.469,-0.18992531711263722,-0.19486117297663072,-0.18034718824318982
SOC,0.865,0.297,0.477,-0.13798335414558946,0.469,1.0,0.289,0.32,0.597
available nitrogen,0.51,0.16666476548027637,-0.13894800701218937,0.544,-0.18992531711263722,0.289,1.0,0.15767731791204206,0.625
available phosphorus,0.539,-0.459,0.298,0.417,-0.19486117297663072,0.32,0.15767731791204206,1.0,0.593
available potassium,0.863,0.0041968383684898025,0.16416436761549716,0.625,-0.18034718824318982,0.597,0.625,0.593,1.0
