,water temperature,TDS,EC,water pH,co2,Turbidity,do,bod,cod,alkalinity,hardness,Potassium,inorganic phosphorus
water temperature,1.0,0.19430718637011202,0.526537944620164,0.011931703204869578,0.3530682935440824,0.3129929486857697,-0.0050662185495968974,0.1557725866269635,0.1448692687548293,0.3750952705354152,-0.15102857181869542,0.32337634517419106,0.24452370046403915
TDS,0.19430718637011202,1.0,0.7751783228568117,-0.6008533162228319,0.7532953358747587,0.8019399473231867,-0.41431909165243264,0.5458890287632412,0.5657631519281237,0.4638380878639893,-0.34876755475833954,0.11874274724274202,0.7443261923237626
EC,0.526537944620164,0.7751783228568117,1.0,-0.5507047067905636,0.718436387519182,0.6670058345557993,-0.4170672703126856,0.5283336174367891,0.5223253121523037,0.5603288709444326,-0.2063170737811029,0.1974505327191078,0.5890358245308434
water pH,0.011931703204869578,-0.6008533162228319,-0.5507047067905636,1.0,-0.7691892828145903,-0.5779476763345723,0.6260825474636953,-0.6541281785225188,-0.7473902819673224,-0.3601935448364596,0.40346511042473415,0.2652082999135742,-0.6980753418663319
co2,0.3530682935440824,0.7532953358747587,0.718436387519182,-0.7691892828145903,1.0,0.7909956816993227,-0.5258763355200455,0.6483411703773055,0.7546246563026556,0.5220555637150721,-0.5764691899059395,-0.016201024041320736,0.8283560591768244
Turbidity,0.3129929486857697,0.8019399473231867,0.6670058345557993,-0.5779476763345723,0.7909956816993227,1.0,-0.3830675292046235,0.5047369524097685,0.5643972017775976,0.3511419697402426,-0.5067244841481474,0.09722580646467294,0.8355837173979226
do,-0.0050662185495968974,-0.41431909165243264,-0.4170672703126856,0.6260825474636953,-0.5258763355200455,-0.3830675292046235,1.0,-0.6340810377704178,-0.5996522543132201,-0.534795316987211,0.2844160998261894,-0.15463858829299218,-0.3215250204260049
bod,0.1557725866269635,0.5458890287632412,0.5283336174367891,-0.6541281785225188,0.6483411703773055,0.5047369524097685,-0.6340810377704178,1.0,0.8679159708565936,0.41707822519784254,-0.2898399369080204,0.02272329870139516,0.5187604336794439
cod,0.1448692687548293,0.5657631519281237,0.5223253121523037,-0.7473902819673224,0.7546246563026556,0.5643972017775976,-0.5996522543132201,0.8679159708565936,1.0,0.354384663307114,-0.4786785013264046,-0.02771613059106807,0.6401940240933401
alkalinity,0.3750952705354152,0.4638380878639893,0.5603288709444326,-0.3601935448364596,0.5220555637150721,0.3511419697402426,-0.534795316987211,0.41707822519784254,0.354384663307114,1.0,-0.07947980105863935,0.3081999522685551,0.32841103235747715
hardness,-0.15102857181869542,-0.34876755475833954,-0.2063170737811029,0.40346511042473415,-0.5764691899059395,-0.5067244841481474,0.2844160998261894,-0.2898399369080204,-0.4786785013264046,-0.07947980105863935,1.0,0.07712022501902024,-0.5462989813157608
Potassium,0.32337634517419106,0.11874274724274202,0.1974505327191078,0.2652082999135742,-0.016201024041320736,0.09722580646467294,-0.15463858829299218,0.02272329870139516,-0.02771613059106807,0.3081999522685551,0.07712022501902024,1.0,-0.07811007352107094
inorganic phosphorus,0.24452370046403915,0.7443261923237626,0.5890358245308434,-0.6980753418663319,0.8283560591768244,0.8355837173979226,-0.3215250204260049,0.5187604336794439,0.6401940240933401,0.32841103235747715,-0.5462989813157608,-0.07811007352107094,1.0
