Wetland,Year,Season,Site,PC1,PC2,PC3,PC4,PC5,PC6,PC7
Pumlen,2022,Pre-monsoon,1,1.09186000367042,2.295835003022518,-0.16228389614083824,0.5133393054124991,0.3198365022422428,0.8287973267622826,0.28712340104189693
Pumlen,2022,Pre-monsoon,2,0.6152293746991596,2.9887587131447906,0.7855802659276175,0.5701711153559653,0.20772123782596075,0.3742909247873167,-0.1585276685541935
Pumlen,2022,Pre-monsoon,3,-0.48925264307399763,2.4557643880867173,1.050281081660601,1.0073285076536684,-0.30607431169322896,-1.317641967021603,-0.168968713902343
Pumlen,2022,Pre-monsoon,4,0.42050494578036984,2.6860949703617854,0.45843358904595644,0.5966385851584065,-0.339893284426407,-0.5151801634402383,0.06447338496036628
Pumlen,2022,Pre-monsoon,5,0.6889014403671995,3.0574260703342118,0.4947057510822484,0.7987851757527389,-0.07988166766477821,0.5064361649696667,0.10891503881228598
Pumlen,2022,Monsoon,1,2.4382123717709465,-1.7365770932803875,-0.3833705779736223,0.11846848601817056,-0.10133804525950837,0.38987135168803483,0.31268573929268784
Pumlen,2022,Monsoon,2,2.3121638395901982,-1.7828140445021192,-0.28803500038675034,0.7459788800730052,0.02435916103191426,0.7648991656308142,0.055877284254907796
Pumlen,2022,Monsoon,3,1.5312223477584852,-0.02342271367629501,2.756342840946171,-0.172171133217636,0.9977566015342705,-0.16254182311982532,0.2600720825502806
Pumlen,2022,Monsoon,4,1.5546464956137218,-0.6824014763109908,0.432516337718792,0.9617023247556561,0.23849355132063318,0.22764988508593798,0.3373942365312447
Pumlen,2022,Monsoon,5,2.0434531900279937,-0.1114143472327542,0.8339165005990619,-1.1505466550724373,0.7008780474238019,0.6768247586386498,0.22878978233666197
Pumlen,2022,Post-monsoon,1,1.9291805064919547,-0.3729543331844327,-1.77859053641076,0.04480809389974016,0.07796121108111909,-0.2590100778841372,-0.3525111867240439
Pumlen,2022,Post-monsoon,2,1.6743609085789368,-2.1529969644115368,-0.7418101958495069,-0.654880167982837,-0.4764275453288928,-0.65234896571534,0.17217656440141824
Pumlen,2022,Post-monsoon,3,2.1398148656748415,-1.1240813252574304,-0.6355931297513041,-0.19350652705015603,-1.1330453024724052,-0.09642866695457102,0.27046105680412574
Pumlen,2022,Post-monsoon,4,1.6964884922250947,-1.429131216383768,0.26701191628913606,-0.38606135589495283,-0.20083565178487808,-0.9569352082537445,0.24095144100398133
Pumlen,2022,Post-monsoon,5,2.0331927193013213,-1.2780474411618592,-0.9725125874660525,-0.8215323257105779,-0.43620151613269087,-0.05605369651085856,0.28230683977626864
Pumlen,2022,Winter,1,1.511481799982256,1.2199525102240654,-0.9644503976731249,-0.23137802561350704,0.3344070013170474,-0.47498244254326255,-0.34547635676293914
Pumlen,2022,Winter,2,1.6512177642699128,1.7086749605239318,-1.1912874389723553,-0.26897928159879586,0.17553932409762094,0.352756142089326,-0.006600210429832294
Pumlen,2022,Winter,3,1.3208712454782672,2.267206629211761,-0.40735512161633547,0.029366690323257272,-0.1223345348749836,0.09370840071738185,-0.08036946826454254
Pumlen,2022,Winter,4,1.8596948440922294,1.6301394362424813,-0.41569357621104835,-0.29277528345198317,-0.48817335693708147,0.15622355167276222,-0.05531321425761253
Pumlen,2022,Winter,5,1.3658983552881163,1.8513150542818617,-1.3882853801129411,-0.27982402051367933,0.268214606212435,0.15596192220987906,0.02073113805157224
Loktak,2022,Pre-monsoon,1,-1.217392018815046,-0.4403070299422677,1.6566948252362361,-0.8617177240549155,-0.3296299001897631,-0.16199496463904875,-0.2990061398202972
Loktak,2022,Pre-monsoon,2,-1.2784462027932881,0.8417800843026819,0.6940142410027269,-1.2628384429907056,-0.4597070426111562,0.4887937582100544,-0.13594195323263372
Loktak,2022,Pre-monsoon,3,-1.2519750174914583,-0.6157908802290727,-1.1141696428342982,0.9123420341359606,-0.7338691238246087,0.09171323918014065,0.3831044959093325
Loktak,2022,Pre-monsoon,4,-1.3554090725392653,-0.8769172774764741,-1.001958901755289,0.7418369968016076,-0.880662590098346,0.18940938800581253,0.03529374122019563
Loktak,2022,Pre-monsoon,5,-0.6998178430086343,0.06260451495713298,2.211306173024884,-0.7349536665261834,-0.6146866234812562,0.24874381126760517,0.03397978806181834
Loktak,2022,Monsoon,1,0.06341484287593395,-2.0645127582547955,0.9539443722287145,0.6587102100148259,-0.1612968968576445,-0.006658175949842985,-0.04580544010199555
Loktak,2022,Monsoon,2,-1.0784033206282162,-0.492447821709483,0.001974823434176282,1.5794639848642964,-0.33292219128513617,0.5209588911201537,0.07419235640838352
Loktak,2022,Monsoon,3,0.30629816217749084,-2.189964413886243,1.1650670050265177,0.8982017444491719,-0.42158417661335446,0.1230648378791949,-0.1271279785976795
Loktak,2022,Monsoon,4,-1.2142247926611287,-0.4474089369437955,-0.06452927723437132,1.0536806369163636,0.042719088803923264,0.6329742675761177,0.19595150644486056
Loktak,2022,Monsoon,5,-0.12482522504257482,-2.0432176218717144,1.1670974133922178,0.017835599592538207,-0.08396687809940705,0.2445171452947233,-0.6080896540162736
Loktak,2022,Post-monsoon,1,-2.1681758758833505,-0.7172787031152119,-0.3428086300542814,0.4387412389269875,0.4117204761634925,-0.545746466614674,0.03373702721313662
Loktak,2022,Post-monsoon,2,-2.037325070739433,-1.127851836062006,-1.3084660510244206,-0.03143598870906072,0.4272109028843683,-0.23746126021134842,-0.06083373924745849
Loktak,2022,Post-monsoon,3,-2.4681883342517184,0.14596553843649399,-1.4544691500874012,0.490554004114311,0.47792101123609804,-0.645495103181924,-0.008813301766633752
Loktak,2022,Post-monsoon,4,-2.140751922298633,-1.6900389284424486,-0.6640402002085629,-0.14156774711607564,0.7886298112883625,-0.053317203000175076,0.2680440101286224
Loktak,2022,Post-monsoon,5,-2.2073822059901125,-0.263603122542078,-0.8710956169999157,0.08605297746211471,0.7554432375218814,-0.3820014779538079,0.22700482735769856
Loktak,2022,Winter,1,-2.162298112394743,0.8541703107067419,-0.5711295431920295,-0.7393330246746502,0.002843128061723149,0.06699892531691634,0.149878127216461
Loktak,2022,Winter,2,-1.8491484470882977,0.16045413314616064,0.28134577306720726,-0.7270796822410878,-0.044826709408600715,-0.06374511643430372,0.031759304053856595
Loktak,2022,Winter,3,-1.8937015239179038,0.20851192806761804,0.3318500633966631,-0.822775836884495,-0.0426351680864693,-0.020899876576111157,-0.024726995010733745
Loktak,2022,Winter,4,-1.7670556141463236,1.1312038870050474,0.12128987310263943,-0.4573880735774732,-0.4677627327414214,0.44138848258928776,0.061712282676506656
Loktak,2022,Winter,5,-2.0184874881610133,0.5701569641692196,0.38042364068689016,-0.6896265305357483,-0.12024146931995185,-0.17083133542035384,-0.010532921339002603
Pumlen,2023,Pre-monsoon,1,1.0916111562519366,2.1016124837891352,-0.06309516301872434,0.4146867332982088,0.3927308253482663,0.6666437039098855,0.17478199921399803
Pumlen,2023,Pre-monsoon,2,0.3851117574465887,2.525076874401104,0.8346394173568097,0.2237317143061151,0.24686956653505138,0.10647059251982205,-0.041945439662899535
Pumlen,2023,Pre-monsoon,3,-0.53370363269358,2.204235452350053,1.1453708559442362,1.0121063656541804,-0.2486167884533272,-1.5258929200412907,-0.2963646580477885
Pumlen,2023,Pre-monsoon,4,0.3820036091116406,2.2576802890224634,0.37103117870553204,0.7928160837277827,-0.3243227292138764,-0.7473344203815285,-0.056671525950088585
Pumlen,2023,Pre-monsoon,5,0.6010436114050823,2.840581394433832,0.45175946818652835,0.6297341724029837,0.11817121820847515,0.26682966660338003,-0.016290566158091394
Pumlen,2023,Monsoon,1,2.5098094644659965,-1.7001341353508783,-0.2350224968785778,-0.10554733046506068,0.15673484128257673,0.2737895494158308,0.0882691112601926
Pumlen,2023,Monsoon,2,2.449560214399538,-1.947594214189457,-0.19945324972513825,0.6933577157415615,0.19738332836416356,0.577096681381801,0.02397041115216351
Pumlen,2023,Monsoon,3,1.6024771538945264,-0.17614479660421986,2.988510435548051,-0.1633738863380225,1.0794938613111205,-0.28389734342412826,0.09731092652132893
Pumlen,2023,Monsoon,4,1.5668180187338567,-0.8850497296168502,0.5494705173016889,0.8762671760599687,0.3463460649237646,0.06991475183339732,0.21889314435833881
Pumlen,2023,Monsoon,5,2.091371751892224,-0.29447375397066783,0.9408239478122659,-1.2146430016299214,0.8358190993514846,0.5513949495910967,0.06934790554232363
Pumlen,2023,Post-monsoon,1,1.8603184647329523,-0.356218115069436,-1.6792548730955033,-0.10874876099280592,0.27769695437903336,-0.2521575869763721,-0.4018268708415634
Pumlen,2023,Post-monsoon,2,1.8197906811228295,-2.035496530345725,-0.817121520758731,-0.5491129892226012,-0.14479727533431452,-0.8018619314495465,-0.27382948947845565
Pumlen,2023,Post-monsoon,3,2.204143176130734,-1.2711903934883988,-0.5912480845176556,-0.2481465519928913,-0.940713591544523,-0.2169433434364657,0.05837371245507565
Pumlen,2023,Post-monsoon,4,1.6922015297681314,-1.6869265295131917,0.3764377727991474,-0.5119078064471129,-0.08496620817569618,-1.1081744231762485,0.15497912551239085
Pumlen,2023,Post-monsoon,5,2.1369218239034287,-1.3482275166644855,-0.9735701459046668,-0.8347972751820455,-0.2132570249725417,-0.17108521508403365,0.007065023557667453
Pumlen,2023,Winter,1,1.4630448149812225,1.105951329251696,-0.8559596611590192,-0.39588536868568724,0.4782765272068352,-0.5553707098999571,-0.39733677602161144
Pumlen,2023,Winter,2,1.6834969201927636,1.4911375108856086,-1.1051264426902134,-0.37835518966814013,0.27465944068837517,0.22026962767788236,-0.11195656039823301
Pumlen,2023,Winter,3,1.3232681975858833,1.8594678043061663,-0.45783182382134785,0.21564851145781688,-0.09591487793971738,-0.1018676153388055,-0.20756873207014834
Pumlen,2023,Winter,4,1.9395513040356436,1.5379867555302262,-0.386315317673469,-0.3230193579837002,-0.31998553731236656,0.025790995064550234,-0.2842143248252762
Pumlen,2023,Winter,5,1.4061390940046028,1.6393716905998676,-1.3021892961799424,-0.3822294460102975,0.3755121040639878,0.028271560355982044,-0.09355312672497268
Loktak,2023,Pre-monsoon,1,-1.479373789726631,-0.04163922350966173,1.1962707245108355,-0.8078240301437173,-0.8237639479493348,-0.3392226296068085,-0.0547760334514727
Loktak,2023,Pre-monsoon,2,-1.7598298163324098,0.9448543073600424,0.35754331226426966,-0.9770902359514876,-0.9107284148000157,0.3452051922592444,0.1328293032356254
Loktak,2023,Pre-monsoon,3,-1.4879001419178592,-0.23178766709527995,-0.9300120114231906,0.449592668519072,-1.0788550685419231,-0.19117926685346642,0.4608454694388814
Loktak,2023,Pre-monsoon,4,-1.7938759824124313,-0.3020903039952397,-0.47586176523069,0.5559045026028082,-1.6810125957695612,0.5903751892996537,-0.2390479320420907
Loktak,2023,Pre-monsoon,5,-0.9309273432065359,0.38948581290677714,1.5585740216535415,-0.798802327214878,-0.8082131979958466,-0.29037633687611253,0.4659959097840766
Loktak,2023,Monsoon,1,0.004858371518451586,-2.159210139281393,1.2220277367471062,0.46966630297857637,0.2649565076290918,0.03383075357454541,-0.08738806941299632
Loktak,2023,Monsoon,2,-0.8522027023671722,-1.052889227932134,0.3428544555398979,1.177197245408244,0.04595121462216422,0.4732474633898972,-0.0703123988551012
Loktak,2023,Monsoon,3,0.33733261022495825,-2.3004475199349215,1.299846230804628,0.702669135999375,-0.11209683657621466,0.14154423396192817,-0.2579290082129266
Loktak,2023,Monsoon,4,-1.1511256283523892,-1.1749376042550495,0.1309413419055678,0.6264774640060919,0.10131766410004335,0.6447486659912997,-0.44647960554722765
Loktak,2023,Monsoon,5,-0.15986050122749018,-2.3660400615267037,1.0805383930663917,0.15560824529615946,0.052570958873034646,0.3022842589181011,-0.6642407971845588
Loktak,2023,Post-monsoon,1,-1.6365361486071148,-0.8242795787650176,-0.2837108148526945,0.5328749463183047,0.8638438027980335,-0.6206762879510346,0.5046505191642522
Loktak,2023,Post-monsoon,2,-2.151010710412551,-1.1713148429803975,-1.125117468281224,-0.017613750619915557,0.6235079302920501,-0.1165098999790662,-0.34385014077219533
Loktak,2023,Post-monsoon,3,-2.6981880040269686,-0.2509551919665063,-1.1465277427682967,0.4748198133127458,0.6355766195314307,-0.07296383522430408,-0.1788188376730086
Loktak,2023,Post-monsoon,4,-2.899101432080632,-1.359519236608285,-0.48857239361626054,-0.38388558185461336,0.9401259556620185,0.448040037360568,-0.4557533096010192
Loktak,2023,Post-monsoon,5,-1.574303936421594,-0.3840504806939058,-0.4589662932672439,0.2663998037212831,0.9966781104382982,-0.6529473502190387,0.6527262293818012
Loktak,2023,Winter,1,-2.004662787137276,0.38193993036865453,-0.5641387021132416,-0.700766559019499,0.0578904662955525,0.3419109922245927,-0.00026255467118660594
Loktak,2023,Winter,2,-1.8486402515744345,0.11030800956200995,0.23586442392968313,-0.6664846747616541,0.1227287771193454,0.08404042067309328,0.016915393336722876
Loktak,2023,Winter,3,-1.8812248784025878,0.18212409782326214,0.2991468559642596,-0.7880887618272665,0.1372666177214371,0.12423808551675879,-0.02518199949891725
Loktak,2023,Winter,4,-2.331949640610753,0.910332427490506,-0.9680934885103571,-0.7719548195864987,0.07627653128053997,0.8264914508773235,0.16475093839842564
Loktak,2023,Winter,5,-2.202304183082265,0.3656358129282755,0.403676030532402,-0.48491599347773456,0.21520092569809215,0.10932394425061373,0.0659231203081824
