Wetland,Year,Season,Site,PC1,PC2,PC3,PC4,PC5,PC6,PC7,PC8,PC9,PC10,PC11,PC12,PC13
Pumlen,2022,Pre-monsoon,1,-2.948892045924345,-0.9645066781359002,-1.5082846194552293,0.5147355913443573,0.5737441069788476,-0.13551075009191516,-0.20342020931858712,0.5592920123657521,-0.8663972419005247,-0.13665695366188815,0.38678577758603366,-0.6220839326339742,-0.042119395131981076
Pumlen,2022,Pre-monsoon,2,-3.147195981415706,-2.209645298749978,-1.1457956254237827,-0.24186653182845969,2.0054933383065685,-0.9219690900681728,-0.669312035612703,0.26606841435856105,0.22922544727315713,0.3080465981242986,0.025005979444566298,-0.2700082179433102,0.6356090352109497
Pumlen,2022,Pre-monsoon,3,-2.9796562071347497,-1.3194973232583664,0.35338307019001186,1.2580988674349396,0.3896586855217963,-0.9554853408516504,0.33380796975527277,-0.430613416601959,-0.6415727140670519,0.32144960573834575,0.2855728454605882,-0.21655280935045979,-0.14435359980369658
Pumlen,2022,Pre-monsoon,4,-1.2978463047009623,-0.9003155785330498,-0.3960729489962186,-0.1899594491347559,-0.3585777040985133,-0.8862582038868367,0.6032394365007298,0.7214884134904158,-0.020592065481974557,0.11231417145632662,-0.2585667924966869,0.20999296142978674,0.23275269814099467
Pumlen,2022,Pre-monsoon,5,-2.0080447724901695,-1.4726128782081378,-0.8319959927713813,0.23089893960813054,0.11437125997876842,-0.8901762475684928,0.11539429686865128,-0.0953022406137216,-0.18696411783582917,-0.08651472179895006,-0.15287507043766238,0.2898745790052372,-0.16478749307589233
Pumlen,2022,Monsoon,1,-3.1384521383677364,-0.44450082752523823,1.598301914394353,-0.7627968172078985,0.16583674382956984,-0.40320430233995935,-0.07604297115880454,0.531341656849571,-0.14232253117997332,-0.05913881158847234,0.05855598738005938,-0.09109615706252303,0.26570269325657403
Pumlen,2022,Monsoon,2,-3.032992217081634,-0.38223044893693064,1.1723682294392674,-0.6979059155574967,0.4088210290788416,-0.14373191815548977,-0.09304773661454359,0.2634673393187207,-0.9362378406476983,-0.059561293659184104,0.4797384123441715,0.7241024351704366,0.19409374801263268
Pumlen,2022,Monsoon,3,-2.483145095468388,-0.3319898070543462,1.2322571070065917,0.011534474424466288,-0.3745211170471757,0.7056360611404395,0.42824396366628875,0.892445464697394,-0.6790550191105832,-0.22656720822316778,0.5593498871288871,-0.1912543362322175,0.19827856844547048
Pumlen,2022,Monsoon,4,-2.3523425199354233,0.20092432308074212,1.5063769482900573,-0.19770681826281838,-0.7711699926522867,0.24152070461617098,0.06099332257621975,0.6094132775143156,-0.21009075780479766,-0.08531164841476076,0.10094718550038997,0.10590136991547078,0.2836481704524339
Pumlen,2022,Monsoon,5,-3.2749433294111325,-0.18415843183288919,1.3277020489332927,0.16298386162170259,-0.18211159474817207,0.605158953241738,0.6085127864760782,0.271594734960589,-0.16559430715704637,0.6437293314635154,0.2656865943155186,0.22141039317302488,0.14458526707087302
Pumlen,2022,Post-monsoon,1,-2.976267851427236,1.5119187588433403,1.777963806109108,0.7776281856788378,-0.06545267155768833,-0.059799711410070046,0.35393805196606837,1.0436399144566986,0.8847187846566772,0.7610592030727208,-0.3425767491526629,-0.45824314701011937,0.2516979594086942
Pumlen,2022,Post-monsoon,2,-2.898813502704417,1.5735218941110554,1.6419294414282743,0.5551631634076041,0.03735830479444098,-0.038266731640359215,0.17851758530511588,0.2730580668537335,-0.004784342699014063,-0.029844388345553745,-0.567940660919419,-0.1764571437276469,0.01831694083209334
Pumlen,2022,Post-monsoon,3,-2.979986738833733,1.2704058206257323,1.169071356934869,1.4963071170084108,-0.6272694847391338,0.3450049344196368,-1.1095985916457738,-0.21119693837724246,0.5280627872146161,-0.5900776982729834,0.008827185882936508,0.01755139121472612,-0.5034370420774001
Pumlen,2022,Post-monsoon,4,-1.1525708970831448,2.1067013097373035,1.038534342618978,-0.8376909854609894,-1.1917256015978814,0.16865476580900296,-0.08722363289536571,0.18283843720897083,-0.5532024149102879,-0.8901863416626301,-0.266836814351927,-0.08876076445507801,0.40241488936659237
Pumlen,2022,Post-monsoon,5,-2.5782197510503324,1.622546985087136,1.4184557986319504,0.13320500179032282,-0.7577951213017263,-0.06383575608329821,-0.8591053766691431,-0.3383489738531232,0.43027233882705845,-0.3241893894142153,-0.1061912742816487,0.18709554590604147,0.04600537594432724
Pumlen,2022,Winter,1,-1.1928029194609833,1.0996907636534727,-1.3366797437006543,-1.5072720076556834,1.1235460698193998,0.4108083855183266,1.2697645016292032,-0.07769709109664871,1.1302476593210273,0.07996693494599977,0.2800984733775591,-0.30261362913270706,0.12732229320609995
Pumlen,2022,Winter,2,-1.7490186601116746,1.8461099267024343,-1.2554523564543485,-0.8462283187651588,0.9147583457199983,0.19510810449499008,0.32057099262992567,-0.40718183890907367,-0.10897994881468599,0.24728290801677005,-0.12916088656508795,0.24277374255312456,-0.03272816525621561
Pumlen,2022,Winter,3,-1.9155234439094164,1.85677951953086,-0.5334460363860991,0.15147361885334118,0.732143465179026,0.031164812338319754,-0.8653513979659915,-1.1226914517724436,0.06939800220952756,-0.42262293987101135,0.3640492963296449,-0.23438129593859283,0.27599908889417823
Pumlen,2022,Winter,4,-1.1585283394787615,2.6085489890733964,-0.8144877349854505,-0.3820103178199907,0.27640771238674705,-0.9627915351009879,-0.051250075929994636,-0.5820310792679745,-0.4316789816417949,-0.072701738232987,-0.14300064950489122,0.30770898044975553,0.20355514725738355
Pumlen,2022,Winter,5,-0.8603867244834497,2.1685515215042734,-0.6103573243105255,-1.4031270204023867,0.6270177387750134,-0.1846067882782632,0.15583226857395102,-0.29170589557288723,0.46038435218336393,-0.2146514627921539,0.1667751818759391,0.22491258743247117,0.23057486870909796
Loktak,2022,Pre-monsoon,1,0.5310746617246423,-2.358013345081052,-0.17371146730068385,-1.168160979700783,0.9401450370341561,2.035555444767391,0.8935838422887585,-0.5750351003363741,-0.15828131665816292,-0.5085184371729748,-0.7214494236043056,0.10751379960105242,-0.05963102513423762
Loktak,2022,Pre-monsoon,2,2.1377239887594826,-1.2849343798201216,0.041139649215574184,-1.3045459855504946,0.24034253214219253,1.89773598106268,-0.287074202919957,0.2531627979911827,-0.37587647297691096,-0.25922796534551323,0.0661445553815812,-0.40597700031457773,-0.4572427379032297
Loktak,2022,Pre-monsoon,3,1.6613946750719915,-0.9374923525481117,-0.5047880333718626,-0.45662337895313176,-0.5808755803294083,0.3338118196036239,0.2528224265255669,-0.45531173063209734,0.27578772978571864,-0.32943842218064473,0.3244745573022164,-0.07697393390355702,0.6262725384388181
Loktak,2022,Pre-monsoon,4,1.5532550445146014,-1.5858389123316525,-0.464427113477899,1.5530755169312656,0.14074495368256226,-0.38481486681228116,0.2806045001881908,0.17887676351438306,0.8333603283105986,-0.3878668488525749,-0.30475177198684195,0.39436385461944085,0.0798594951280612
Loktak,2022,Pre-monsoon,5,-0.13002064188410759,-0.6380388673272793,-1.8757661480207493,2.1706689533104475,-1.5855668742029911,0.6683574400095258,0.44888404222590966,-0.42184860980234185,0.37421608374898807,-0.18815106086628205,0.253429447912357,-0.018263513944627725,0.2916814900258059
Loktak,2022,Monsoon,1,-0.7115531679137544,-2.045938561132419,-1.8467244367529356,-1.0332723876312166,-0.18683449033662644,-0.2739559435080881,-0.7783835467230243,0.3538072955609559,1.0470188262805287,0.12195004581791909,0.18810030013288828,0.32209046179678086,-0.4614494624500149
Loktak,2022,Monsoon,2,3.470115907250016,-0.5914953053169257,0.9955413854323745,-1.7615156566348331,-0.7096563878463109,-0.4151013761870113,0.574931028625501,0.31995762832122465,-0.5481828495374851,-0.23461217670416312,0.0700228591232212,-0.0767791364118537,-0.3944173388873038
Loktak,2022,Monsoon,3,0.9402213378518813,-0.04922510517054802,-0.5834606159100945,-1.4884149752863427,-1.9378946963010462,-2.1014552042322476,0.552173465340659,-0.4524389853881064,0.3279262930876539,-0.01903210802876002,-0.026336952228971224,-0.5739629830670027,-0.3872480354496019
Loktak,2022,Monsoon,4,1.7663798461485947,-0.5555712601979323,-0.297694088843761,-0.5248912719854506,-1.6482095008182298,-0.5556931159725902,-0.4265065130061299,-0.12030573635053222,0.1607829154761976,0.463909544330751,-0.003842628041477633,0.11298288339422684,0.4628996309618798
Loktak,2022,Monsoon,5,0.1463937197923456,-0.39984537186582353,-1.2543274858637028,0.017293861193263125,-1.4856681711860777,1.2745995645397725,-1.6208365137452185,-0.32738846282878026,-0.13961668978085373,0.7101292430207704,-0.17393622575246157,-0.20119985221165657,-0.34508737862834993
Loktak,2022,Post-monsoon,1,3.966517015276779,-1.2943173194669484,1.2306502959615897,0.30526145339268557,1.0789227356579356,-1.2456219615237063,0.11860187183119207,0.31109651121424714,0.04365532034675837,-0.20409730421632555,-0.49859275704580835,0.08594676874328455,0.12055719826864025
Loktak,2022,Post-monsoon,2,4.166038956285021,-0.7592128656152022,1.8801592285154303,0.1057371294073876,0.5614348819619337,0.10349330193079558,-0.39915347646262617,-0.8839118995635007,-0.06391721691987644,0.36181771098078713,0.0880972403556601,-0.5790200638946326,0.10198121663008126
Loktak,2022,Post-monsoon,3,3.5454557465878307,-0.6599489977676652,1.8193722521611224,0.593252968094595,0.44111048037130135,-1.1862284976363233,-0.37007385255850483,-0.5822846816174096,-0.7199394323716033,-0.009757208439669762,-0.3835745498550029,-0.27630552923636287,-0.028378638180354566
Loktak,2022,Post-monsoon,4,3.758792969884246,-1.1321355053200306,1.5418085068462604,0.1316354998788846,0.8725431581822537,0.5674280681537597,-0.3231003335632833,-0.445323725143229,0.3611780387462305,0.4788609736094044,-0.34270707870733874,0.06159689386824094,0.07562214113534631
Loktak,2022,Post-monsoon,5,2.8895754671719214,-0.05141649246086103,0.21681464813597764,-0.3030879966728936,-0.47080630072557406,-0.15071665522470606,0.10567588868567164,-0.42500893717816723,-0.15618638681083782,0.8253776635556199,-0.32280469745411094,0.29052592302222274,0.007435106892051806
Loktak,2022,Winter,1,3.6516415670401603,1.7014953474729304,-1.4445079356929709,1.2155237847340132,0.7355325982754872,-0.821600861239162,-0.7077344009537077,1.331879590374129,-0.4309554277611309,-0.23563152382016225,-0.679572194671472,-0.020973186431522597,0.284179136002562
Loktak,2022,Winter,2,3.770060817879566,1.6448716707728108,0.21790806017835437,0.17150605671836588,0.7117415859010106,0.25936970762805955,-0.34795350699295197,0.2671419010293278,-0.06717597278785065,-0.02324353008543696,0.5317573548889251,0.21877212150735995,-0.22260381263582815
Loktak,2022,Winter,3,3.962299149315613,1.9550120601938474,0.4830977553582281,0.057215415915121165,0.7871476531132098,-0.24125334231805842,-0.8087888557736359,0.38299156677425183,-0.04360909636457644,0.0019086540001962207,0.3632747231033362,0.2615631596347731,-0.1323689729882948
Loktak,2022,Winter,4,3.4394499251050554,1.3708500959887198,-0.7113018628487382,1.158184632717228,0.08678004879800205,-0.42018663355477515,0.31017756070197294,0.5986569476840558,0.08132974861524238,0.08421350073570837,-0.08912991695756123,0.032005281225582376,-0.13808832828594417
Loktak,2022,Winter,5,2.7904789058681985,1.4802076661929298,-0.822658318308973,0.1597433416472877,0.02796607235430335,-0.3940250692751682,0.31854991208898276,0.1743875990778242,-0.21005270443186155,0.2574131023554655,0.2654254365697047,0.13665038534972693,-0.004743748143563914
Pumlen,2023,Pre-monsoon,1,-2.9305993260252476,-1.344191209882857,-1.7828646529487782,0.6979051371771992,0.5510918482060807,-0.031689342125088754,-0.16310837549115753,0.34545306648774965,-0.7213586276551434,-0.018693449956547217,0.25615223349412763,-0.6664565955993175,-0.14587420492380165
Pumlen,2023,Pre-monsoon,2,-3.0163893126112926,-2.4143787417677918,-1.4531109350367772,-0.21844502762142357,1.7804074418504297,-0.6592323972300353,-0.8959104276634864,-0.41319877554646905,0.2810718976741493,0.10615708397732124,0.019328301499896172,-0.13914314480328582,0.32181912784807354
Pumlen,2023,Pre-monsoon,3,-2.6150574206032946,-1.742125678661898,-0.3390723553265484,1.4085889939932104,0.17433103117312074,-0.8136115382840314,-0.05038401720084703,-1.162422742067266,-0.5698472336077204,-0.27811904188699377,0.22663832467239217,0.21305596073437394,-0.6541723723461809
Pumlen,2023,Pre-monsoon,4,-1.0931301305399512,-0.7245130848839539,-0.5589311372815325,0.40835606467801117,-0.8888101065409095,-0.5484771114731871,0.5010748295577939,0.042131639150678565,-0.510413192271315,-0.04135949033013858,-0.4587786717985222,0.05102342881647046,-0.02541648640546491
Pumlen,2023,Pre-monsoon,5,-2.087579236401997,-1.76545330780241,-1.0763817938783384,0.48439279285630565,0.058816247374037525,-0.7352592088050476,0.17592415180531704,-0.2618424205965912,-0.15087249517387286,0.03683411859057094,-0.21919839746963696,0.2252983254466505,-0.2981007072027384
Pumlen,2023,Monsoon,1,-2.8953793442279663,-1.0064884357219874,1.1084496792049139,-0.48305497404528114,0.15869893579612482,-0.1341463380735716,-0.16084650052919122,0.25096527472876684,0.010822901635980995,0.17628805797123484,-0.06492945855896445,0.08389318826657076,0.1849279948347577
Pumlen,2023,Monsoon,2,-2.916753041636468,-0.8285653993048957,0.6923900454064936,-0.481580155150539,0.3146846020777005,0.02721507697864114,-0.07293108854446272,0.027072170771098233,-0.6833460377408619,0.17544877107204404,0.2693610044682547,0.6691100018462901,0.00983676635282121
Pumlen,2023,Monsoon,3,-2.3792830560029206,-0.8067699318314292,0.7151154394330569,0.285899670891118,-0.443682293722293,0.8093912353465126,0.424563492204776,0.6487101827917735,-0.47621088550581975,-0.11826561211127828,0.41359584217097034,-0.14208082425667848,-0.06521789567089156
Pumlen,2023,Monsoon,4,-2.337222587215642,-0.27626217105690837,1.0930743791450876,0.07185864378574805,-0.7188214367755017,0.35088983080406533,0.07059451853212699,0.2965021061991506,-0.14318645916656175,0.0913677426575093,-0.07619448527620461,0.13655852979679226,-0.04090251626668731
Pumlen,2023,Monsoon,5,-3.2787541262080344,-0.5540706317396327,0.8025689293667505,0.40535829255473466,-0.24799267427908261,0.7766031930274994,0.5082301295924606,0.1297657938597719,0.11541703393991055,0.7462498290456336,0.22259716585128259,0.3817573173256483,-0.19369817666311073
Pumlen,2023,Post-monsoon,1,-2.7126455250468218,0.8475874718042751,1.0934201695868067,0.5901508558427621,0.08296004916033885,-0.2799221227174043,0.07282290606774058,0.3518097749653105,1.0312996114732134,0.054742699655881,-0.2743688895206877,-0.3163470184648829,-0.38050783484154016
Pumlen,2023,Post-monsoon,2,-3.1124649436670393,0.9729803315165274,1.2274854789844738,0.8232289284867786,0.14135414570320037,0.4962341808191307,0.6350045758740746,-0.1181942478115384,-0.08298102182129188,-0.05630214497762537,-0.3534146535147558,-0.27521072634568816,-0.3115073240868158
Pumlen,2023,Post-monsoon,3,-3.171125834814228,-0.16348057225086696,0.8961009281727994,0.5826973990635588,0.7495190172056116,-0.161415845992696,-0.41870802553766456,0.5870997321496512,1.125324336271946,-0.07162819147643593,-0.0399469523541364,0.07248383803156193,-0.4893937089897485
Pumlen,2023,Post-monsoon,4,-1.9328110372162615,0.21843264727530562,0.8095780847507992,-1.0473241650847607,0.31955076615946665,-0.5015661746132545,-0.373793635732798,-0.07848770589628529,0.4818852575338069,-0.5066777486062579,-0.06240370499515159,-0.13791765375537715,0.42632175455083643
Pumlen,2023,Post-monsoon,5,-2.9190340901219725,1.1448315553780484,0.7649208760575309,0.21983314966894682,-0.6091294489861976,0.5384302513354691,-0.7211298394488108,-0.4501450137384325,0.18103346095033274,-0.13122774503332257,-0.0681518739365608,-0.10442447228626697,-0.14569649265364304
Pumlen,2023,Winter,1,-1.385545103853425,2.005980671591984,-0.9196644342740465,-0.4710169672396909,0.09665459319612381,1.0131426952179536,1.3350367538752035,-0.41242701240656054,0.36589520024818967,0.3420882636050587,0.07513021762051932,-0.6626522708697912,-0.06666430121882702
Pumlen,2023,Winter,2,-1.877464911697869,1.9116986507626585,-1.0934262480461012,-0.3871335048519246,0.5092636741155255,0.4214437723657749,0.35843597113725884,-0.5583459351791786,-0.4123725945854114,0.3560688181856268,-0.26940068922947075,0.09265008121975894,-0.22315570605807583
Pumlen,2023,Winter,3,-1.6979889521928022,1.831425410414674,-0.5848227014014445,-0.15935323538092358,0.8499273343288298,0.13948769583477605,-0.16967156359337393,-0.7735226689343616,-0.28410064648256045,-0.20162626689340252,-0.2754887139220009,0.30221800013788946,-0.3379440570646966
Pumlen,2023,Winter,4,-1.2153880499736203,2.142218037878937,-0.7640886504567038,-0.31275327340555076,0.2262635261849813,-0.9253738077406026,0.06597126396971296,-0.6884825090643392,-0.531196371610809,0.05148723667915856,-0.3329018108098319,0.13096426338116582,0.11833859399919922
Pumlen,2023,Winter,5,-1.021463756689489,1.877124969313084,-0.556464505101576,-1.2240404609849034,0.5230502798976412,-0.1392728363590574,0.18417839590390814,-0.30891730851999466,0.3735852252856318,-0.10464543839332875,0.06232322319953721,0.16482329870236487,0.0684684444870967
Loktak,2023,Pre-monsoon,1,0.7608527987027376,-2.0842924140052954,-0.18620679149133212,-0.9434533333725778,0.6134916493143263,1.8229511727708705,0.8113879144018052,-0.4191667290505935,0.062389386215911384,-0.4240141883318236,-0.546616260443089,0.1911812805254065,-0.0352932209193717
Loktak,2023,Pre-monsoon,2,2.4267527805785654,-0.6377276645518478,0.5238546940709652,-1.2451948394541918,0.25765851694875525,0.8800460299431184,-1.0247653853846563,0.48601633182236137,-0.1347723392392835,-0.14152889962726847,-0.18362248122604405,-0.18595897945854914,-0.30927189282674683
Loktak,2023,Pre-monsoon,3,1.7450655013951588,-0.6890910050475011,-0.4492883333920524,-0.3506244145390046,-0.41727344968051316,0.3355661756874214,0.15893740834335762,-0.3677513441748244,0.3179232127025826,-0.33790633503690765,0.35794717107673035,-0.012727301188862223,0.5060420752615432
Loktak,2023,Pre-monsoon,4,1.7481086570051727,-0.3103740780189176,-0.028138411333832915,2.139724205259758,-1.0175564246741466,0.20830911302765787,0.1928920365398753,-0.12670691068701462,0.1741884540434121,-0.2753350007275673,-0.32519501102867504,0.22640768191864366,-0.05492593731507596
Loktak,2023,Pre-monsoon,5,0.2531371668207734,-0.6482185890605439,-1.5178241145368756,2.0590796911483857,-1.4248055861944275,0.8411362494775542,0.3911872341798194,-0.37385152084474804,0.22002703854903768,-0.10769944687044083,0.2628004516606186,0.17954865352127927,0.3627074661175931
Loktak,2023,Monsoon,1,-0.4232069826263408,-1.8463485616359887,-1.673442201173589,-1.1430550615051704,-0.3279915793861409,-0.26256161959637947,-0.5442692436036831,0.6269526827625846,0.8159581339790009,-0.04736426229666951,0.2251752549304201,0.30016325554400325,-0.378694224413614
Loktak,2023,Monsoon,2,3.2303356961926064,-0.5548667476567801,0.8742944187296935,-1.6336339568550575,-0.7874130270519515,-0.5016302500221019,0.3579469560038298,0.5714245911106147,-0.4184542193563013,-0.2023297913628774,0.11406558374345463,0.08194888667464338,-0.35059758202820507
Loktak,2023,Monsoon,3,1.089620349140739,-0.007350735597428682,-0.486192982208915,-1.4956764909379106,-1.9525613360664098,-1.8495796570097767,0.49563149677290025,-0.11884273382515635,0.25166413739094284,-0.10521583390902048,0.031245570018112474,-0.38050968276282254,-0.3921883004917465
Loktak,2023,Monsoon,4,1.834733939268059,-0.5550844695765513,-0.22671801945551953,-0.757064997309205,-1.5594256077298878,-0.4878412626860292,-0.32575227211391833,0.10447301836410985,0.17845264692719034,0.3427473887736168,0.1505043265332778,0.2277589133206425,0.39956804885862
Loktak,2023,Monsoon,5,0.14574589024233411,-0.14619323444573631,-1.1538516695866716,-0.2653673849831684,-2.010773062401606,1.4277930670124412,-1.3603685919626824,0.2774748170521035,-0.038620053774318305,-0.21174597398303044,-0.36260147778195906,-0.1031339407229813,0.4189323575932815
Loktak,2023,Post-monsoon,1,3.5039548641349345,-1.3275148008088025,0.6599139697680146,0.44029259512704516,0.8293345100660202,-0.3747193450148958,0.6860631270157889,0.1604799476040538,0.1641706716166141,-0.24070434410036348,-0.11626785949458884,0.0857251818859047,0.031017470661416826
Loktak,2023,Post-monsoon,2,4.026063842366025,-0.648263895221123,1.4731386652362615,0.1467269929336839,0.5482029480381928,0.2101068126012766,-0.22653558788163813,-0.5493706631442924,0.12316854258147313,0.25247094734191894,0.23833227081129793,-0.39490785835282866,0.04219909658012953
Loktak,2023,Post-monsoon,3,3.234268469050569,-0.880666358588801,1.7505293816826617,1.0976306683236012,0.09930351432987312,-0.613101832501419,0.14562328288092194,-0.868240847983806,-0.00526741314458501,-0.2530319923761426,0.5636729939652702,-0.4836735201522316,0.22289259194290278
Loktak,2023,Post-monsoon,4,3.6715836123766112,-0.8455984473601816,1.344442787792845,-0.05545243411337159,0.7713325457018106,0.6312849881747294,-0.2538350304093175,-0.20865815712426938,0.4789951971634662,0.3274914601014307,-0.08890366495928292,0.15075673295425318,0.14239943442605718
Loktak,2023,Post-monsoon,5,2.79136532725569,0.5071719070462711,0.17746038892472626,0.27660371752393176,-0.8520116040317777,0.41168062853566684,0.45672190243300265,-0.5337232170074289,-0.3423614987612634,0.5992875747764661,-0.07446515046077366,0.38124272361404016,0.14172994265654643
Loktak,2023,Winter,1,3.057516300846989,0.23934300020504387,-2.113066096029552,0.9538158587326078,0.919833168446297,0.23328226763821197,0.6943081721006628,1.0096169258078942,-0.10007267567618443,-0.36585838584852404,-0.13240920220736782,-0.06729444714509088,0.1089051451916506
Loktak,2023,Winter,2,3.691913520822242,1.5696916922455872,0.10893981757432833,0.3289953674874486,0.6778690591887223,0.24403372975105486,-0.1831546863715245,0.24369267576926607,0.1502347484171289,-0.08172040749409036,0.6355321182978947,0.22949980375108614,-0.2209280707806618
Loktak,2023,Winter,3,3.691913520822242,1.5696916922455872,0.10893981757432833,0.3289953674874486,0.6778690591887223,0.24403372975105486,-0.1831546863715245,0.24369267576926607,0.1502347484171289,-0.08172040749409036,0.6355321182978947,0.22949980375108614,-0.2209280707806618
Loktak,2023,Winter,4,3.087411593497409,1.037088145747949,-0.9635680392479371,1.3040437404859062,0.013318994414507297,0.29803754213084516,0.8911776861557819,0.35549310227231223,0.16404882808554289,-0.01136076996847218,0.2662277442355947,-0.0057602579856441925,-0.2076585719585006
Loktak,2023,Winter,5,1.8492764875970973,1.46736924414069,-2.548389836160036,-0.2040040772755179,0.2540269310998731,0.6511831056982994,-0.6862577314473167,0.4924924154539213,-0.988655711960175,0.5755231670849978,-0.31917469494061096,-0.40379934312656873,0.00027182088455973496
