PC,Eigenvalue,Explained (%),Cumulative (%)
PC1,6.750501623238582,51.926935563373696,51.926935563373696
PC2,1.7561848822980821,13.509114479216015,65.43605004258971
PC3,1.2680361646014695,9.754124343088225,75.19017438567793
PC4,0.8022416909281186,6.171089930216296,81.36126431589423
PC5,0.6948028889599795,5.344637607384457,86.70590192327869
PC6,0.5621429799654054,4.324176768964656,91.03007869224335
PC7,0.320772433365972,2.467480256661323,93.49755894890468
PC8,0.2573460581023353,1.9795850623256557,95.47714401123034
PC9,0.2203093723341729,1.6946874794936375,97.17183149072397
PC10,0.10794952605858178,0.8303809696813982,98.00221246040537
PC11,0.09618072653812453,0.7398517426009578,98.74206420300634
PC12,0.08438717531350576,0.6491321177961981,99.39119632080254
PC13,0.07914447829567216,0.608803679197478,100.0
