Wetland,Year,Season,Site,Value,Source,Variable
Loktak,2022,Pre-monsoon,1,21.15,Scatter Plot.xlsx / ScatterPlot1!E6,Soil_stock
Loktak,2022,Monsoon,1,19.21,Scatter Plot.xlsx / ScatterPlot1!F6,Soil_stock
Loktak,2022,Post-monsoon,1,20.38,Scatter Plot.xlsx / ScatterPlot1!G6,Soil_stock
Loktak,2022,Winter,1,20.38,Scatter Plot.xlsx / ScatterPlot1!H6,Soil_stock
Loktak,2022,Pre-monsoon,2,19.23,Scatter Plot.xlsx / ScatterPlot1!E7,Soil_stock
Loktak,2022,Monsoon,2,19.22,Scatter Plot.xlsx / ScatterPlot1!F7,Soil_stock
Loktak,2022,Post-monsoon,2,20.7,Scatter Plot.xlsx / ScatterPlot1!G7,Soil_stock
Loktak,2022,Winter,2,21.14,Scatter Plot.xlsx / ScatterPlot1!H7,Soil_stock
Loktak,2022,Pre-monsoon,3,19.54,Scatter Plot.xlsx / ScatterPlot1!E8,Soil_stock
Loktak,2022,Monsoon,3,19.56,Scatter Plot.xlsx / ScatterPlot1!F8,Soil_stock
Loktak,2022,Post-monsoon,3,19.4,Scatter Plot.xlsx / ScatterPlot1!G8,Soil_stock
Loktak,2022,Winter,3,21.14,Scatter Plot.xlsx / ScatterPlot1!H8,Soil_stock
Loktak,2022,Pre-monsoon,4,20.88,Scatter Plot.xlsx / ScatterPlot1!E9,Soil_stock
Loktak,2022,Monsoon,4,20.07,Scatter Plot.xlsx / ScatterPlot1!F9,Soil_stock
Loktak,2022,Post-monsoon,4,19.38,Scatter Plot.xlsx / ScatterPlot1!G9,Soil_stock
Loktak,2022,Winter,4,20.04,Scatter Plot.xlsx / ScatterPlot1!H9,Soil_stock
Loktak,2022,Pre-monsoon,5,21.47,Scatter Plot.xlsx / ScatterPlot1!E10,Soil_stock
Loktak,2022,Monsoon,5,19.05,Scatter Plot.xlsx / ScatterPlot1!F10,Soil_stock
Loktak,2022,Post-monsoon,5,19.99,Scatter Plot.xlsx / ScatterPlot1!G10,Soil_stock
Loktak,2022,Winter,5,20.47,Scatter Plot.xlsx / ScatterPlot1!H10,Soil_stock
Pumlen,2022,Pre-monsoon,1,9.68,Scatter Plot.xlsx / ScatterPlot1!J6,Soil_stock
Pumlen,2022,Monsoon,1,14.73,Scatter Plot.xlsx / ScatterPlot1!K6,Soil_stock
Pumlen,2022,Post-monsoon,1,12.67,Scatter Plot.xlsx / ScatterPlot1!L6,Soil_stock
Pumlen,2022,Winter,1,9.27,Scatter Plot.xlsx / ScatterPlot1!M6,Soil_stock
Pumlen,2022,Pre-monsoon,2,8.01,Scatter Plot.xlsx / ScatterPlot1!J7,Soil_stock
Pumlen,2022,Monsoon,2,14.75,Scatter Plot.xlsx / ScatterPlot1!K7,Soil_stock
Pumlen,2022,Post-monsoon,2,15.69,Scatter Plot.xlsx / ScatterPlot1!L7,Soil_stock
Pumlen,2022,Winter,2,9.22,Scatter Plot.xlsx / ScatterPlot1!M7,Soil_stock
Pumlen,2022,Pre-monsoon,3,10.62,Scatter Plot.xlsx / ScatterPlot1!J8,Soil_stock
Pumlen,2022,Monsoon,3,14.88,Scatter Plot.xlsx / ScatterPlot1!K8,Soil_stock
Pumlen,2022,Post-monsoon,3,15.04,Scatter Plot.xlsx / ScatterPlot1!L8,Soil_stock
Pumlen,2022,Winter,3,9.05,Scatter Plot.xlsx / ScatterPlot1!M8,Soil_stock
Pumlen,2022,Pre-monsoon,4,10.43,Scatter Plot.xlsx / ScatterPlot1!J9,Soil_stock
Pumlen,2022,Monsoon,4,14.91,Scatter Plot.xlsx / ScatterPlot1!K9,Soil_stock
Pumlen,2022,Post-monsoon,4,15.06,Scatter Plot.xlsx / ScatterPlot1!L9,Soil_stock
Pumlen,2022,Winter,4,9.87,Scatter Plot.xlsx / ScatterPlot1!M9,Soil_stock
Pumlen,2022,Pre-monsoon,5,8.07,Scatter Plot.xlsx / ScatterPlot1!J10,Soil_stock
Pumlen,2022,Monsoon,5,14.35,Scatter Plot.xlsx / ScatterPlot1!K10,Soil_stock
Pumlen,2022,Post-monsoon,5,14.87,Scatter Plot.xlsx / ScatterPlot1!L10,Soil_stock
Pumlen,2022,Winter,5,9.08,Scatter Plot.xlsx / ScatterPlot1!M10,Soil_stock
Loktak,2023,Pre-monsoon,1,21.3,Scatter Plot.xlsx / ScatterPlot1!E14,Soil_stock
Loktak,2023,Monsoon,1,19.41,Scatter Plot.xlsx / ScatterPlot1!F14,Soil_stock
Loktak,2023,Post-monsoon,1,20.41,Scatter Plot.xlsx / ScatterPlot1!G14,Soil_stock
Loktak,2023,Winter,1,20.97,Scatter Plot.xlsx / ScatterPlot1!H14,Soil_stock
Loktak,2023,Pre-monsoon,2,21.68,Scatter Plot.xlsx / ScatterPlot1!E15,Soil_stock
Loktak,2023,Monsoon,2,19.43,Scatter Plot.xlsx / ScatterPlot1!F15,Soil_stock
Loktak,2023,Post-monsoon,2,20.05,Scatter Plot.xlsx / ScatterPlot1!G15,Soil_stock
Loktak,2023,Winter,2,21.11,Scatter Plot.xlsx / ScatterPlot1!H15,Soil_stock
Loktak,2023,Pre-monsoon,3,21.33,Scatter Plot.xlsx / ScatterPlot1!E16,Soil_stock
Loktak,2023,Monsoon,3,19.14,Scatter Plot.xlsx / ScatterPlot1!F16,Soil_stock
Loktak,2023,Post-monsoon,3,19.42,Scatter Plot.xlsx / ScatterPlot1!G16,Soil_stock
Loktak,2023,Winter,3,21.11,Scatter Plot.xlsx / ScatterPlot1!H16,Soil_stock
Loktak,2023,Pre-monsoon,4,22.33,Scatter Plot.xlsx / ScatterPlot1!E17,Soil_stock
Loktak,2023,Monsoon,4,19.68,Scatter Plot.xlsx / ScatterPlot1!F17,Soil_stock
Loktak,2023,Post-monsoon,4,19.48,Scatter Plot.xlsx / ScatterPlot1!G17,Soil_stock
Loktak,2023,Winter,4,21.19,Scatter Plot.xlsx / ScatterPlot1!H17,Soil_stock
Loktak,2023,Pre-monsoon,5,22.18,Scatter Plot.xlsx / ScatterPlot1!E18,Soil_stock
Loktak,2023,Monsoon,5,19.19,Scatter Plot.xlsx / ScatterPlot1!F18,Soil_stock
Loktak,2023,Post-monsoon,5,20.13,Scatter Plot.xlsx / ScatterPlot1!G18,Soil_stock
Loktak,2023,Winter,5,21.52,Scatter Plot.xlsx / ScatterPlot1!H18,Soil_stock
Pumlen,2023,Pre-monsoon,1,9.74,Scatter Plot.xlsx / ScatterPlot1!J14,Soil_stock
Pumlen,2023,Monsoon,1,13.82,Scatter Plot.xlsx / ScatterPlot1!K14,Soil_stock
Pumlen,2023,Post-monsoon,1,12.24,Scatter Plot.xlsx / ScatterPlot1!L14,Soil_stock
Pumlen,2023,Winter,1,9.3,Scatter Plot.xlsx / ScatterPlot1!M14,Soil_stock
Pumlen,2023,Pre-monsoon,2,10.34,Scatter Plot.xlsx / ScatterPlot1!J15,Soil_stock
Pumlen,2023,Monsoon,2,14.26,Scatter Plot.xlsx / ScatterPlot1!K15,Soil_stock
Pumlen,2023,Post-monsoon,2,13.58,Scatter Plot.xlsx / ScatterPlot1!L15,Soil_stock
Pumlen,2023,Winter,2,9.19,Scatter Plot.xlsx / ScatterPlot1!M15,Soil_stock
Pumlen,2023,Pre-monsoon,3,10.62,Scatter Plot.xlsx / ScatterPlot1!J16,Soil_stock
Pumlen,2023,Monsoon,3,14.51,Scatter Plot.xlsx / ScatterPlot1!K16,Soil_stock
Pumlen,2023,Post-monsoon,3,14.26,Scatter Plot.xlsx / ScatterPlot1!L16,Soil_stock
Pumlen,2023,Winter,3,9.03,Scatter Plot.xlsx / ScatterPlot1!M16,Soil_stock
Pumlen,2023,Pre-monsoon,4,10.46,Scatter Plot.xlsx / ScatterPlot1!J17,Soil_stock
Pumlen,2023,Monsoon,4,14.71,Scatter Plot.xlsx / ScatterPlot1!K17,Soil_stock
Pumlen,2023,Post-monsoon,4,14.86,Scatter Plot.xlsx / ScatterPlot1!L17,Soil_stock
Pumlen,2023,Winter,4,9.24,Scatter Plot.xlsx / ScatterPlot1!M17,Soil_stock
Pumlen,2023,Pre-monsoon,5,8.08,Scatter Plot.xlsx / ScatterPlot1!J18,Soil_stock
Pumlen,2023,Monsoon,5,13.97,Scatter Plot.xlsx / ScatterPlot1!K18,Soil_stock
Pumlen,2023,Post-monsoon,5,13.75,Scatter Plot.xlsx / ScatterPlot1!L18,Soil_stock
Pumlen,2023,Winter,5,9.07,Scatter Plot.xlsx / ScatterPlot1!M18,Soil_stock
Loktak,2022,Pre-monsoon,1,23.0,Scatter Plot.xlsx / ScatterPlot1!S8,Soil_Temp
Loktak,2022,Monsoon,1,24.5,Scatter Plot.xlsx / ScatterPlot1!T8,Soil_Temp
Loktak,2022,Post-monsoon,1,20.0,Scatter Plot.xlsx / ScatterPlot1!U8,Soil_Temp
Loktak,2022,Winter,1,17.0,Scatter Plot.xlsx / ScatterPlot1!V8,Soil_Temp
Loktak,2022,Pre-monsoon,2,23.33,Scatter Plot.xlsx / ScatterPlot1!S9,Soil_Temp
Loktak,2022,Monsoon,2,24.75,Scatter Plot.xlsx / ScatterPlot1!T9,Soil_Temp
Loktak,2022,Post-monsoon,2,19.5,Scatter Plot.xlsx / ScatterPlot1!U9,Soil_Temp
Loktak,2022,Winter,2,16.67,Scatter Plot.xlsx / ScatterPlot1!V9,Soil_Temp
Loktak,2022,Pre-monsoon,3,23.67,Scatter Plot.xlsx / ScatterPlot1!S10,Soil_Temp
Loktak,2022,Monsoon,3,24.25,Scatter Plot.xlsx / ScatterPlot1!T10,Soil_Temp
Loktak,2022,Post-monsoon,3,20.0,Scatter Plot.xlsx / ScatterPlot1!U10,Soil_Temp
Loktak,2022,Winter,3,16.67,Scatter Plot.xlsx / ScatterPlot1!V10,Soil_Temp
Loktak,2022,Pre-monsoon,4,23.33,Scatter Plot.xlsx / ScatterPlot1!S11,Soil_Temp
Loktak,2022,Monsoon,4,24.0,Scatter Plot.xlsx / ScatterPlot1!T11,Soil_Temp
Loktak,2022,Post-monsoon,4,19.5,Scatter Plot.xlsx / ScatterPlot1!U11,Soil_Temp
Loktak,2022,Winter,4,17.33,Scatter Plot.xlsx / ScatterPlot1!V11,Soil_Temp
Loktak,2022,Pre-monsoon,5,22.0,Scatter Plot.xlsx / ScatterPlot1!S12,Soil_Temp
Loktak,2022,Monsoon,5,24.5,Scatter Plot.xlsx / ScatterPlot1!T12,Soil_Temp
Loktak,2022,Post-monsoon,5,19.0,Scatter Plot.xlsx / ScatterPlot1!U12,Soil_Temp
Loktak,2022,Winter,5,16.0,Scatter Plot.xlsx / ScatterPlot1!V12,Soil_Temp
Pumlen,2022,Pre-monsoon,1,22.0,Scatter Plot.xlsx / ScatterPlot1!X8,Soil_Temp
Pumlen,2022,Monsoon,1,24.5,Scatter Plot.xlsx / ScatterPlot1!Y8,Soil_Temp
Pumlen,2022,Post-monsoon,1,20.0,Scatter Plot.xlsx / ScatterPlot1!Z8,Soil_Temp
Pumlen,2022,Winter,1,17.0,Scatter Plot.xlsx / ScatterPlot1!AA8,Soil_Temp
Pumlen,2022,Pre-monsoon,2,22.33,Scatter Plot.xlsx / ScatterPlot1!X9,Soil_Temp
Pumlen,2022,Monsoon,2,24.75,Scatter Plot.xlsx / ScatterPlot1!Y9,Soil_Temp
Pumlen,2022,Post-monsoon,2,19.5,Scatter Plot.xlsx / ScatterPlot1!Z9,Soil_Temp
Pumlen,2022,Winter,2,16.33,Scatter Plot.xlsx / ScatterPlot1!AA9,Soil_Temp
Pumlen,2022,Pre-monsoon,3,22.67,Scatter Plot.xlsx / ScatterPlot1!X10,Soil_Temp
Pumlen,2022,Monsoon,3,24.25,Scatter Plot.xlsx / ScatterPlot1!Y10,Soil_Temp
Pumlen,2022,Post-monsoon,3,21.5,Scatter Plot.xlsx / ScatterPlot1!Z10,Soil_Temp
Pumlen,2022,Winter,3,17.0,Scatter Plot.xlsx / ScatterPlot1!AA10,Soil_Temp
Pumlen,2022,Pre-monsoon,4,22.33,Scatter Plot.xlsx / ScatterPlot1!X11,Soil_Temp
Pumlen,2022,Monsoon,4,24.0,Scatter Plot.xlsx / ScatterPlot1!Y11,Soil_Temp
Pumlen,2022,Post-monsoon,4,20.0,Scatter Plot.xlsx / ScatterPlot1!Z11,Soil_Temp
Pumlen,2022,Winter,4,17.0,Scatter Plot.xlsx / ScatterPlot1!AA11,Soil_Temp
Pumlen,2022,Pre-monsoon,5,22.67,Scatter Plot.xlsx / ScatterPlot1!X12,Soil_Temp
Pumlen,2022,Monsoon,5,24.25,Scatter Plot.xlsx / ScatterPlot1!Y12,Soil_Temp
Pumlen,2022,Post-monsoon,5,21.5,Scatter Plot.xlsx / ScatterPlot1!Z12,Soil_Temp
Pumlen,2022,Winter,5,17.0,Scatter Plot.xlsx / ScatterPlot1!AA12,Soil_Temp
Loktak,2023,Pre-monsoon,1,23.67,Scatter Plot.xlsx / ScatterPlot1!S16,Soil_Temp
Loktak,2023,Monsoon,1,24.38,Scatter Plot.xlsx / ScatterPlot1!T16,Soil_Temp
Loktak,2023,Post-monsoon,1,20.75,Scatter Plot.xlsx / ScatterPlot1!U16,Soil_Temp
Loktak,2023,Winter,1,16.67,Scatter Plot.xlsx / ScatterPlot1!V16,Soil_Temp
Loktak,2023,Pre-monsoon,2,24.17,Scatter Plot.xlsx / ScatterPlot1!S17,Soil_Temp
Loktak,2023,Monsoon,2,24.88,Scatter Plot.xlsx / ScatterPlot1!T17,Soil_Temp
Loktak,2023,Post-monsoon,2,20.5,Scatter Plot.xlsx / ScatterPlot1!U17,Soil_Temp
Loktak,2023,Winter,2,16.17,Scatter Plot.xlsx / ScatterPlot1!V17,Soil_Temp
Loktak,2023,Pre-monsoon,3,24.67,Scatter Plot.xlsx / ScatterPlot1!S18,Soil_Temp
Loktak,2023,Monsoon,3,24.25,Scatter Plot.xlsx / ScatterPlot1!T18,Soil_Temp
Loktak,2023,Post-monsoon,3,21.25,Scatter Plot.xlsx / ScatterPlot1!U18,Soil_Temp
Loktak,2023,Winter,3,16.17,Scatter Plot.xlsx / ScatterPlot1!V18,Soil_Temp
Loktak,2023,Pre-monsoon,4,24.17,Scatter Plot.xlsx / ScatterPlot1!S19,Soil_Temp
Loktak,2023,Monsoon,4,24.75,Scatter Plot.xlsx / ScatterPlot1!T19,Soil_Temp
Loktak,2023,Post-monsoon,4,20.5,Scatter Plot.xlsx / ScatterPlot1!U19,Soil_Temp
Loktak,2023,Winter,4,16.83,Scatter Plot.xlsx / ScatterPlot1!V19,Soil_Temp
Loktak,2023,Pre-monsoon,5,22.67,Scatter Plot.xlsx / ScatterPlot1!S20,Soil_Temp
Loktak,2023,Monsoon,5,25.14,Scatter Plot.xlsx / ScatterPlot1!T20,Soil_Temp
Loktak,2023,Post-monsoon,5,19.75,Scatter Plot.xlsx / ScatterPlot1!U20,Soil_Temp
Loktak,2023,Winter,5,15.67,Scatter Plot.xlsx / ScatterPlot1!V20,Soil_Temp
Pumlen,2023,Pre-monsoon,1,20.67,Scatter Plot.xlsx / ScatterPlot1!X16,Soil_Temp
Pumlen,2023,Monsoon,1,24.25,Scatter Plot.xlsx / ScatterPlot1!Y16,Soil_Temp
Pumlen,2023,Post-monsoon,1,19.5,Scatter Plot.xlsx / ScatterPlot1!Z16,Soil_Temp
Pumlen,2023,Winter,1,16.0,Scatter Plot.xlsx / ScatterPlot1!AA16,Soil_Temp
Pumlen,2023,Pre-monsoon,2,21.67,Scatter Plot.xlsx / ScatterPlot1!X17,Soil_Temp
Pumlen,2023,Monsoon,2,24.75,Scatter Plot.xlsx / ScatterPlot1!Y17,Soil_Temp
Pumlen,2023,Post-monsoon,2,19.5,Scatter Plot.xlsx / ScatterPlot1!Z17,Soil_Temp
Pumlen,2023,Winter,2,16.33,Scatter Plot.xlsx / ScatterPlot1!AA17,Soil_Temp
Pumlen,2023,Pre-monsoon,3,22.33,Scatter Plot.xlsx / ScatterPlot1!X18,Soil_Temp
Pumlen,2023,Monsoon,3,24.75,Scatter Plot.xlsx / ScatterPlot1!Y18,Soil_Temp
Pumlen,2023,Post-monsoon,3,21.0,Scatter Plot.xlsx / ScatterPlot1!Z18,Soil_Temp
Pumlen,2023,Winter,3,17.0,Scatter Plot.xlsx / ScatterPlot1!AA18,Soil_Temp
Pumlen,2023,Pre-monsoon,4,22.0,Scatter Plot.xlsx / ScatterPlot1!X19,Soil_Temp
Pumlen,2023,Monsoon,4,24.0,Scatter Plot.xlsx / ScatterPlot1!Y19,Soil_Temp
Pumlen,2023,Post-monsoon,4,20.0,Scatter Plot.xlsx / ScatterPlot1!Z19,Soil_Temp
Pumlen,2023,Winter,4,16.67,Scatter Plot.xlsx / ScatterPlot1!AA19,Soil_Temp
Pumlen,2023,Pre-monsoon,5,22.67,Scatter Plot.xlsx / ScatterPlot1!X20,Soil_Temp
Pumlen,2023,Monsoon,5,24.25,Scatter Plot.xlsx / ScatterPlot1!Y20,Soil_Temp
Pumlen,2023,Post-monsoon,5,21.5,Scatter Plot.xlsx / ScatterPlot1!Z20,Soil_Temp
Pumlen,2023,Winter,5,17.0,Scatter Plot.xlsx / ScatterPlot1!AA20,Soil_Temp
Loktak,2022,Pre-monsoon,1,6.3,Scatter Plot.xlsx / ScatterPlot1!S26,Soil_pH
Loktak,2022,Monsoon,1,6.85,Scatter Plot.xlsx / ScatterPlot1!T26,Soil_pH
Loktak,2022,Post-monsoon,1,6.75,Scatter Plot.xlsx / ScatterPlot1!U26,Soil_pH
Loktak,2022,Winter,1,6.34,Scatter Plot.xlsx / ScatterPlot1!V26,Soil_pH
Loktak,2022,Pre-monsoon,2,6.13,Scatter Plot.xlsx / ScatterPlot1!S27,Soil_pH
Loktak,2022,Monsoon,2,6.9,Scatter Plot.xlsx / ScatterPlot1!T27,Soil_pH
Loktak,2022,Post-monsoon,2,6.8,Scatter Plot.xlsx / ScatterPlot1!U27,Soil_pH
Loktak,2022,Winter,2,6.36,Scatter Plot.xlsx / ScatterPlot1!V27,Soil_pH
Loktak,2022,Pre-monsoon,3,6.93,Scatter Plot.xlsx / ScatterPlot1!S28,Soil_pH
Loktak,2022,Monsoon,3,6.9,Scatter Plot.xlsx / ScatterPlot1!T28,Soil_pH
Loktak,2022,Post-monsoon,3,6.75,Scatter Plot.xlsx / ScatterPlot1!U28,Soil_pH
Loktak,2022,Winter,3,6.33,Scatter Plot.xlsx / ScatterPlot1!V28,Soil_pH
Loktak,2022,Pre-monsoon,4,6.93,Scatter Plot.xlsx / ScatterPlot1!S29,Soil_pH
Loktak,2022,Monsoon,4,6.78,Scatter Plot.xlsx / ScatterPlot1!T29,Soil_pH
Loktak,2022,Post-monsoon,4,6.77,Scatter Plot.xlsx / ScatterPlot1!U29,Soil_pH
Loktak,2022,Winter,4,6.3,Scatter Plot.xlsx / ScatterPlot1!V29,Soil_pH
Loktak,2022,Pre-monsoon,5,6.2,Scatter Plot.xlsx / ScatterPlot1!S30,Soil_pH
Loktak,2022,Monsoon,5,6.7,Scatter Plot.xlsx / ScatterPlot1!T30,Soil_pH
Loktak,2022,Post-monsoon,5,6.65,Scatter Plot.xlsx / ScatterPlot1!U30,Soil_pH
Loktak,2022,Winter,5,6.31,Scatter Plot.xlsx / ScatterPlot1!V30,Soil_pH
Pumlen,2022,Pre-monsoon,1,6.28,Scatter Plot.xlsx / ScatterPlot1!X26,Soil_pH
Pumlen,2022,Monsoon,1,6.8,Scatter Plot.xlsx / ScatterPlot1!Y26,Soil_pH
Pumlen,2022,Post-monsoon,1,6.75,Scatter Plot.xlsx / ScatterPlot1!Z26,Soil_pH
Pumlen,2022,Winter,1,6.4,Scatter Plot.xlsx / ScatterPlot1!AA26,Soil_pH
Pumlen,2022,Pre-monsoon,2,6.13,Scatter Plot.xlsx / ScatterPlot1!X27,Soil_pH
Pumlen,2022,Monsoon,2,6.9,Scatter Plot.xlsx / ScatterPlot1!Y27,Soil_pH
Pumlen,2022,Post-monsoon,2,6.8,Scatter Plot.xlsx / ScatterPlot1!Z27,Soil_pH
Pumlen,2022,Winter,2,6.33,Scatter Plot.xlsx / ScatterPlot1!AA27,Soil_pH
Pumlen,2022,Pre-monsoon,3,6.34,Scatter Plot.xlsx / ScatterPlot1!X28,Soil_pH
Pumlen,2022,Monsoon,3,6.18,Scatter Plot.xlsx / ScatterPlot1!Y28,Soil_pH
Pumlen,2022,Post-monsoon,3,6.75,Scatter Plot.xlsx / ScatterPlot1!Z28,Soil_pH
Pumlen,2022,Winter,3,6.26,Scatter Plot.xlsx / ScatterPlot1!AA28,Soil_pH
Pumlen,2022,Pre-monsoon,4,6.26,Scatter Plot.xlsx / ScatterPlot1!X29,Soil_pH
Pumlen,2022,Monsoon,4,6.73,Scatter Plot.xlsx / ScatterPlot1!Y29,Soil_pH
Pumlen,2022,Post-monsoon,4,6.65,Scatter Plot.xlsx / ScatterPlot1!Z29,Soil_pH
Pumlen,2022,Winter,4,6.3,Scatter Plot.xlsx / ScatterPlot1!AA29,Soil_pH
Pumlen,2022,Pre-monsoon,5,6.2,Scatter Plot.xlsx / ScatterPlot1!X30,Soil_pH
Pumlen,2022,Monsoon,5,6.18,Scatter Plot.xlsx / ScatterPlot1!Y30,Soil_pH
Pumlen,2022,Post-monsoon,5,6.65,Scatter Plot.xlsx / ScatterPlot1!Z30,Soil_pH
Pumlen,2022,Winter,5,6.33,Scatter Plot.xlsx / ScatterPlot1!AA30,Soil_pH
Loktak,2023,Pre-monsoon,1,6.33,Scatter Plot.xlsx / ScatterPlot1!S34,Soil_pH
Loktak,2023,Monsoon,1,6.78,Scatter Plot.xlsx / ScatterPlot1!T34,Soil_pH
Loktak,2023,Post-monsoon,1,6.75,Scatter Plot.xlsx / ScatterPlot1!U34,Soil_pH
Loktak,2023,Winter,1,6.4,Scatter Plot.xlsx / ScatterPlot1!V34,Soil_pH
Loktak,2023,Pre-monsoon,2,6.23,Scatter Plot.xlsx / ScatterPlot1!S35,Soil_pH
Loktak,2023,Monsoon,2,6.85,Scatter Plot.xlsx / ScatterPlot1!T35,Soil_pH
Loktak,2023,Post-monsoon,2,6.78,Scatter Plot.xlsx / ScatterPlot1!U35,Soil_pH
Loktak,2023,Winter,2,6.37,Scatter Plot.xlsx / ScatterPlot1!V35,Soil_pH
Loktak,2023,Pre-monsoon,3,6.8,Scatter Plot.xlsx / ScatterPlot1!S36,Soil_pH
Loktak,2023,Monsoon,3,6.85,Scatter Plot.xlsx / ScatterPlot1!T36,Soil_pH
Loktak,2023,Post-monsoon,3,6.75,Scatter Plot.xlsx / ScatterPlot1!U36,Soil_pH
Loktak,2023,Winter,3,6.33,Scatter Plot.xlsx / ScatterPlot1!V36,Soil_pH
Loktak,2023,Pre-monsoon,4,6.8,Scatter Plot.xlsx / ScatterPlot1!S37,Soil_pH
Loktak,2023,Monsoon,4,6.78,Scatter Plot.xlsx / ScatterPlot1!T37,Soil_pH
Loktak,2023,Post-monsoon,4,6.65,Scatter Plot.xlsx / ScatterPlot1!U37,Soil_pH
Loktak,2023,Winter,4,6.34,Scatter Plot.xlsx / ScatterPlot1!V37,Soil_pH
Loktak,2023,Pre-monsoon,5,6.23,Scatter Plot.xlsx / ScatterPlot1!S38,Soil_pH
Loktak,2023,Monsoon,5,6.77,Scatter Plot.xlsx / ScatterPlot1!T38,Soil_pH
Loktak,2023,Post-monsoon,5,6.65,Scatter Plot.xlsx / ScatterPlot1!U38,Soil_pH
Loktak,2023,Winter,5,6.35,Scatter Plot.xlsx / ScatterPlot1!V38,Soil_pH
Pumlen,2023,Pre-monsoon,1,6.28,Scatter Plot.xlsx / ScatterPlot1!X34,Soil_pH
Pumlen,2023,Monsoon,1,6.73,Scatter Plot.xlsx / ScatterPlot1!Y34,Soil_pH
Pumlen,2023,Post-monsoon,1,6.7,Scatter Plot.xlsx / ScatterPlot1!Z34,Soil_pH
Pumlen,2023,Winter,1,6.37,Scatter Plot.xlsx / ScatterPlot1!AA34,Soil_pH
Pumlen,2023,Pre-monsoon,2,6.13,Scatter Plot.xlsx / ScatterPlot1!X35,Soil_pH
Pumlen,2023,Monsoon,2,6.9,Scatter Plot.xlsx / ScatterPlot1!Y35,Soil_pH
Pumlen,2023,Post-monsoon,2,6.8,Scatter Plot.xlsx / ScatterPlot1!Z35,Soil_pH
Pumlen,2023,Winter,2,6.33,Scatter Plot.xlsx / ScatterPlot1!AA35,Soil_pH
Pumlen,2023,Pre-monsoon,3,6.37,Scatter Plot.xlsx / ScatterPlot1!X36,Soil_pH
Pumlen,2023,Monsoon,3,6.18,Scatter Plot.xlsx / ScatterPlot1!Y36,Soil_pH
Pumlen,2023,Post-monsoon,3,6.75,Scatter Plot.xlsx / ScatterPlot1!Z36,Soil_pH
Pumlen,2023,Winter,3,6.36,Scatter Plot.xlsx / ScatterPlot1!AA36,Soil_pH
Pumlen,2023,Pre-monsoon,4,6.37,Scatter Plot.xlsx / ScatterPlot1!X37,Soil_pH
Pumlen,2023,Monsoon,4,6.73,Scatter Plot.xlsx / ScatterPlot1!Y37,Soil_pH
Pumlen,2023,Post-monsoon,4,6.65,Scatter Plot.xlsx / ScatterPlot1!Z37,Soil_pH
Pumlen,2023,Winter,4,6.3,Scatter Plot.xlsx / ScatterPlot1!AA37,Soil_pH
Pumlen,2023,Pre-monsoon,5,6.2,Scatter Plot.xlsx / ScatterPlot1!X38,Soil_pH
Pumlen,2023,Monsoon,5,6.18,Scatter Plot.xlsx / ScatterPlot1!Y38,Soil_pH
Pumlen,2023,Post-monsoon,5,6.65,Scatter Plot.xlsx / ScatterPlot1!Z38,Soil_pH
Pumlen,2023,Winter,5,6.33,Scatter Plot.xlsx / ScatterPlot1!AA38,Soil_pH
Loktak,2022,Pre-monsoon,1,0.65,Scatter Plot.xlsx / ScatterPlot1!S44,BD
Loktak,2022,Monsoon,1,0.62,Scatter Plot.xlsx / ScatterPlot1!T44,BD
Loktak,2022,Post-monsoon,1,0.74,Scatter Plot.xlsx / ScatterPlot1!U44,BD
Loktak,2022,Winter,1,0.78,Scatter Plot.xlsx / ScatterPlot1!V44,BD
Loktak,2022,Pre-monsoon,2,0.72,Scatter Plot.xlsx / ScatterPlot1!S45,BD
Loktak,2022,Monsoon,2,0.77,Scatter Plot.xlsx / ScatterPlot1!T45,BD
Loktak,2022,Post-monsoon,2,0.73,Scatter Plot.xlsx / ScatterPlot1!U45,BD
Loktak,2022,Winter,2,0.73,Scatter Plot.xlsx / ScatterPlot1!V45,BD
Loktak,2022,Pre-monsoon,3,0.75,Scatter Plot.xlsx / ScatterPlot1!S46,BD
Loktak,2022,Monsoon,3,0.61,Scatter Plot.xlsx / ScatterPlot1!T46,BD
Loktak,2022,Post-monsoon,3,0.78,Scatter Plot.xlsx / ScatterPlot1!U46,BD
Loktak,2022,Winter,3,0.73,Scatter Plot.xlsx / ScatterPlot1!V46,BD
Loktak,2022,Pre-monsoon,4,0.73,Scatter Plot.xlsx / ScatterPlot1!S47,BD
Loktak,2022,Monsoon,4,0.78,Scatter Plot.xlsx / ScatterPlot1!T47,BD
Loktak,2022,Post-monsoon,4,0.74,Scatter Plot.xlsx / ScatterPlot1!U47,BD
Loktak,2022,Winter,4,0.78,Scatter Plot.xlsx / ScatterPlot1!V47,BD
Loktak,2022,Pre-monsoon,5,0.67,Scatter Plot.xlsx / ScatterPlot1!S48,BD
Loktak,2022,Monsoon,5,0.6,Scatter Plot.xlsx / ScatterPlot1!T48,BD
Loktak,2022,Post-monsoon,5,0.77,Scatter Plot.xlsx / ScatterPlot1!U48,BD
Loktak,2022,Winter,5,0.74,Scatter Plot.xlsx / ScatterPlot1!V48,BD
Pumlen,2022,Pre-monsoon,1,0.76,Scatter Plot.xlsx / ScatterPlot1!X44,BD
Pumlen,2022,Monsoon,1,0.56,Scatter Plot.xlsx / ScatterPlot1!Y44,BD
Pumlen,2022,Post-monsoon,1,0.57,Scatter Plot.xlsx / ScatterPlot1!Z44,BD
Pumlen,2022,Winter,1,0.61,Scatter Plot.xlsx / ScatterPlot1!AA44,BD
Pumlen,2022,Pre-monsoon,2,0.75,Scatter Plot.xlsx / ScatterPlot1!X45,BD
Pumlen,2022,Monsoon,2,0.59,Scatter Plot.xlsx / ScatterPlot1!Y45,BD
Pumlen,2022,Post-monsoon,2,0.5,Scatter Plot.xlsx / ScatterPlot1!Z45,BD
Pumlen,2022,Winter,2,0.67,Scatter Plot.xlsx / ScatterPlot1!AA45,BD
Pumlen,2022,Pre-monsoon,3,0.7,Scatter Plot.xlsx / ScatterPlot1!X46,BD
Pumlen,2022,Monsoon,3,0.6,Scatter Plot.xlsx / ScatterPlot1!Y46,BD
Pumlen,2022,Post-monsoon,3,0.54,Scatter Plot.xlsx / ScatterPlot1!Z46,BD
Pumlen,2022,Winter,3,0.68,Scatter Plot.xlsx / ScatterPlot1!AA46,BD
Pumlen,2022,Pre-monsoon,4,0.71,Scatter Plot.xlsx / ScatterPlot1!X47,BD
Pumlen,2022,Monsoon,4,0.64,Scatter Plot.xlsx / ScatterPlot1!Y47,BD
Pumlen,2022,Post-monsoon,4,0.51,Scatter Plot.xlsx / ScatterPlot1!Z47,BD
Pumlen,2022,Winter,4,0.63,Scatter Plot.xlsx / ScatterPlot1!AA47,BD
Pumlen,2022,Pre-monsoon,5,0.77,Scatter Plot.xlsx / ScatterPlot1!X48,BD
Pumlen,2022,Monsoon,5,0.6,Scatter Plot.xlsx / ScatterPlot1!Y48,BD
Pumlen,2022,Post-monsoon,5,0.54,Scatter Plot.xlsx / ScatterPlot1!Z48,BD
Pumlen,2022,Winter,5,0.68,Scatter Plot.xlsx / ScatterPlot1!AA48,BD
Loktak,2023,Pre-monsoon,1,0.67,Scatter Plot.xlsx / ScatterPlot1!S52,BD
Loktak,2023,Monsoon,1,0.62,Scatter Plot.xlsx / ScatterPlot1!T52,BD
Loktak,2023,Post-monsoon,1,0.74,Scatter Plot.xlsx / ScatterPlot1!U52,BD
Loktak,2023,Winter,1,0.77,Scatter Plot.xlsx / ScatterPlot1!V52,BD
Loktak,2023,Pre-monsoon,2,0.75,Scatter Plot.xlsx / ScatterPlot1!S53,BD
Loktak,2023,Monsoon,2,0.73,Scatter Plot.xlsx / ScatterPlot1!T53,BD
Loktak,2023,Post-monsoon,2,0.73,Scatter Plot.xlsx / ScatterPlot1!U53,BD
Loktak,2023,Winter,2,0.74,Scatter Plot.xlsx / ScatterPlot1!V53,BD
Loktak,2023,Pre-monsoon,3,0.74,Scatter Plot.xlsx / ScatterPlot1!S54,BD
Loktak,2023,Monsoon,3,0.6,Scatter Plot.xlsx / ScatterPlot1!T54,BD
Loktak,2023,Post-monsoon,3,0.8,Scatter Plot.xlsx / ScatterPlot1!U54,BD
Loktak,2023,Winter,3,0.74,Scatter Plot.xlsx / ScatterPlot1!V54,BD
Loktak,2023,Pre-monsoon,4,0.75,Scatter Plot.xlsx / ScatterPlot1!S55,BD
Loktak,2023,Monsoon,4,0.72,Scatter Plot.xlsx / ScatterPlot1!T55,BD
Loktak,2023,Post-monsoon,4,0.77,Scatter Plot.xlsx / ScatterPlot1!U55,BD
Loktak,2023,Winter,4,0.83,Scatter Plot.xlsx / ScatterPlot1!V55,BD
Loktak,2023,Pre-monsoon,5,0.68,Scatter Plot.xlsx / ScatterPlot1!S56,BD
Loktak,2023,Monsoon,5,0.6,Scatter Plot.xlsx / ScatterPlot1!T56,BD
Loktak,2023,Post-monsoon,5,0.75,Scatter Plot.xlsx / ScatterPlot1!U56,BD
Loktak,2023,Winter,5,0.77,Scatter Plot.xlsx / ScatterPlot1!V56,BD
Pumlen,2023,Pre-monsoon,1,0.74,Scatter Plot.xlsx / ScatterPlot1!X52,BD
Pumlen,2023,Monsoon,1,0.54,Scatter Plot.xlsx / ScatterPlot1!Y52,BD
Pumlen,2023,Post-monsoon,1,0.57,Scatter Plot.xlsx / ScatterPlot1!Z52,BD
Pumlen,2023,Winter,1,0.6,Scatter Plot.xlsx / ScatterPlot1!AA52,BD
Pumlen,2023,Pre-monsoon,2,0.73,Scatter Plot.xlsx / ScatterPlot1!X53,BD
Pumlen,2023,Monsoon,2,0.57,Scatter Plot.xlsx / ScatterPlot1!Y53,BD
Pumlen,2023,Post-monsoon,2,0.48,Scatter Plot.xlsx / ScatterPlot1!Z53,BD
Pumlen,2023,Winter,2,0.65,Scatter Plot.xlsx / ScatterPlot1!AA53,BD
Pumlen,2023,Pre-monsoon,3,0.68,Scatter Plot.xlsx / ScatterPlot1!X54,BD
Pumlen,2023,Monsoon,3,0.58,Scatter Plot.xlsx / ScatterPlot1!Y54,BD
Pumlen,2023,Post-monsoon,3,0.52,Scatter Plot.xlsx / ScatterPlot1!Z54,BD
Pumlen,2023,Winter,3,0.66,Scatter Plot.xlsx / ScatterPlot1!AA54,BD
Pumlen,2023,Pre-monsoon,4,0.69,Scatter Plot.xlsx / ScatterPlot1!X55,BD
Pumlen,2023,Monsoon,4,0.62,Scatter Plot.xlsx / ScatterPlot1!Y55,BD
Pumlen,2023,Post-monsoon,4,0.49,Scatter Plot.xlsx / ScatterPlot1!Z55,BD
Pumlen,2023,Winter,4,0.61,Scatter Plot.xlsx / ScatterPlot1!AA55,BD
Pumlen,2023,Pre-monsoon,5,0.75,Scatter Plot.xlsx / ScatterPlot1!X56,BD
Pumlen,2023,Monsoon,5,0.58,Scatter Plot.xlsx / ScatterPlot1!Y56,BD
Pumlen,2023,Post-monsoon,5,0.52,Scatter Plot.xlsx / ScatterPlot1!Z56,BD
Pumlen,2023,Winter,5,0.66,Scatter Plot.xlsx / ScatterPlot1!AA56,BD
Loktak,2022,Pre-monsoon,1,51.84,Scatter Plot.xlsx / ScatterPlot1!S62,Moisture
Loktak,2022,Monsoon,1,59.86,Scatter Plot.xlsx / ScatterPlot1!T62,Moisture
Loktak,2022,Post-monsoon,1,49.65,Scatter Plot.xlsx / ScatterPlot1!U62,Moisture
Loktak,2022,Winter,1,42.98,Scatter Plot.xlsx / ScatterPlot1!V62,Moisture
Loktak,2022,Pre-monsoon,2,46.12,Scatter Plot.xlsx / ScatterPlot1!S63,Moisture
Loktak,2022,Monsoon,2,50.7,Scatter Plot.xlsx / ScatterPlot1!T63,Moisture
Loktak,2022,Post-monsoon,2,50.5,Scatter Plot.xlsx / ScatterPlot1!U63,Moisture
Loktak,2022,Winter,2,47.26,Scatter Plot.xlsx / ScatterPlot1!V63,Moisture
Loktak,2022,Pre-monsoon,3,45.43,Scatter Plot.xlsx / ScatterPlot1!S64,Moisture
Loktak,2022,Monsoon,3,60.32,Scatter Plot.xlsx / ScatterPlot1!T64,Moisture
Loktak,2022,Post-monsoon,3,43.81,Scatter Plot.xlsx / ScatterPlot1!U64,Moisture
Loktak,2022,Winter,3,47.26,Scatter Plot.xlsx / ScatterPlot1!V64,Moisture
Loktak,2022,Pre-monsoon,4,46.21,Scatter Plot.xlsx / ScatterPlot1!S65,Moisture
Loktak,2022,Monsoon,4,52.19,Scatter Plot.xlsx / ScatterPlot1!T65,Moisture
Loktak,2022,Post-monsoon,4,55.71,Scatter Plot.xlsx / ScatterPlot1!U65,Moisture
Loktak,2022,Winter,4,42.8,Scatter Plot.xlsx / ScatterPlot1!V65,Moisture
Loktak,2022,Pre-monsoon,5,51.5,Scatter Plot.xlsx / ScatterPlot1!S66,Moisture
Loktak,2022,Monsoon,5,61.24,Scatter Plot.xlsx / ScatterPlot1!T66,Moisture
Loktak,2022,Post-monsoon,5,48.83,Scatter Plot.xlsx / ScatterPlot1!U66,Moisture
Loktak,2022,Winter,5,45.0,Scatter Plot.xlsx / ScatterPlot1!V66,Moisture
Pumlen,2022,Pre-monsoon,1,47.54,Scatter Plot.xlsx / ScatterPlot1!X62,Moisture
Pumlen,2022,Monsoon,1,61.31,Scatter Plot.xlsx / ScatterPlot1!Y62,Moisture
Pumlen,2022,Post-monsoon,1,52.09,Scatter Plot.xlsx / ScatterPlot1!Z62,Moisture
Pumlen,2022,Winter,1,47.62,Scatter Plot.xlsx / ScatterPlot1!AA62,Moisture
Pumlen,2022,Pre-monsoon,2,44.45,Scatter Plot.xlsx / ScatterPlot1!X63,Moisture
Pumlen,2022,Monsoon,2,63.22,Scatter Plot.xlsx / ScatterPlot1!Y63,Moisture
Pumlen,2022,Post-monsoon,2,56.3,Scatter Plot.xlsx / ScatterPlot1!Z63,Moisture
Pumlen,2022,Winter,2,46.89,Scatter Plot.xlsx / ScatterPlot1!AA63,Moisture
Pumlen,2022,Pre-monsoon,3,38.0,Scatter Plot.xlsx / ScatterPlot1!X64,Moisture
Pumlen,2022,Monsoon,3,63.2,Scatter Plot.xlsx / ScatterPlot1!Y64,Moisture
Pumlen,2022,Post-monsoon,3,51.79,Scatter Plot.xlsx / ScatterPlot1!Z64,Moisture
Pumlen,2022,Winter,3,43.67,Scatter Plot.xlsx / ScatterPlot1!AA64,Moisture
Pumlen,2022,Pre-monsoon,4,39.45,Scatter Plot.xlsx / ScatterPlot1!X65,Moisture
Pumlen,2022,Monsoon,4,58.59,Scatter Plot.xlsx / ScatterPlot1!Y65,Moisture
Pumlen,2022,Post-monsoon,4,56.04,Scatter Plot.xlsx / ScatterPlot1!Z65,Moisture
Pumlen,2022,Winter,4,45.38,Scatter Plot.xlsx / ScatterPlot1!AA65,Moisture
Pumlen,2022,Pre-monsoon,5,42.59,Scatter Plot.xlsx / ScatterPlot1!X66,Moisture
Pumlen,2022,Monsoon,5,61.56,Scatter Plot.xlsx / ScatterPlot1!Y66,Moisture
Pumlen,2022,Post-monsoon,5,54.95,Scatter Plot.xlsx / ScatterPlot1!Z66,Moisture
Pumlen,2022,Winter,5,45.37,Scatter Plot.xlsx / ScatterPlot1!AA66,Moisture
Loktak,2023,Pre-monsoon,1,46.02,Scatter Plot.xlsx / ScatterPlot1!S70,Moisture
Loktak,2023,Monsoon,1,62.8,Scatter Plot.xlsx / ScatterPlot1!T70,Moisture
Loktak,2023,Post-monsoon,1,52.77,Scatter Plot.xlsx / ScatterPlot1!U70,Moisture
Loktak,2023,Winter,1,46.13,Scatter Plot.xlsx / ScatterPlot1!V70,Moisture
Loktak,2023,Pre-monsoon,2,41.55,Scatter Plot.xlsx / ScatterPlot1!S71,Moisture
Loktak,2023,Monsoon,2,55.61,Scatter Plot.xlsx / ScatterPlot1!T71,Moisture
Loktak,2023,Post-monsoon,2,52.25,Scatter Plot.xlsx / ScatterPlot1!U71,Moisture
Loktak,2023,Winter,2,48.57,Scatter Plot.xlsx / ScatterPlot1!V71,Moisture
Loktak,2023,Pre-monsoon,3,41.48,Scatter Plot.xlsx / ScatterPlot1!S72,Moisture
Loktak,2023,Monsoon,3,62.65,Scatter Plot.xlsx / ScatterPlot1!T72,Moisture
Loktak,2023,Post-monsoon,3,47.9,Scatter Plot.xlsx / ScatterPlot1!U72,Moisture
Loktak,2023,Winter,3,48.57,Scatter Plot.xlsx / ScatterPlot1!V72,Moisture
Loktak,2023,Pre-monsoon,4,41.75,Scatter Plot.xlsx / ScatterPlot1!S73,Moisture
Loktak,2023,Monsoon,4,56.08,Scatter Plot.xlsx / ScatterPlot1!T73,Moisture
Loktak,2023,Post-monsoon,4,56.0,Scatter Plot.xlsx / ScatterPlot1!U73,Moisture
Loktak,2023,Winter,4,44.11,Scatter Plot.xlsx / ScatterPlot1!V73,Moisture
Loktak,2023,Pre-monsoon,5,45.97,Scatter Plot.xlsx / ScatterPlot1!S74,Moisture
Loktak,2023,Monsoon,5,63.06,Scatter Plot.xlsx / ScatterPlot1!T74,Moisture
Loktak,2023,Post-monsoon,5,51.35,Scatter Plot.xlsx / ScatterPlot1!U74,Moisture
Loktak,2023,Winter,5,47.81,Scatter Plot.xlsx / ScatterPlot1!V74,Moisture
Pumlen,2023,Pre-monsoon,1,48.43,Scatter Plot.xlsx / ScatterPlot1!X70,Moisture
Pumlen,2023,Monsoon,1,62.63,Scatter Plot.xlsx / ScatterPlot1!Y70,Moisture
Pumlen,2023,Post-monsoon,1,53.1,Scatter Plot.xlsx / ScatterPlot1!Z70,Moisture
Pumlen,2023,Winter,1,48.67,Scatter Plot.xlsx / ScatterPlot1!AA70,Moisture
Pumlen,2023,Pre-monsoon,2,45.27,Scatter Plot.xlsx / ScatterPlot1!X71,Moisture
Pumlen,2023,Monsoon,2,64.58,Scatter Plot.xlsx / ScatterPlot1!Y71,Moisture
Pumlen,2023,Post-monsoon,2,57.4,Scatter Plot.xlsx / ScatterPlot1!Z71,Moisture
Pumlen,2023,Winter,2,48.1,Scatter Plot.xlsx / ScatterPlot1!AA71,Moisture
Pumlen,2023,Pre-monsoon,3,38.83,Scatter Plot.xlsx / ScatterPlot1!X72,Moisture
Pumlen,2023,Monsoon,3,64.5,Scatter Plot.xlsx / ScatterPlot1!Y72,Moisture
Pumlen,2023,Post-monsoon,3,53.25,Scatter Plot.xlsx / ScatterPlot1!Z72,Moisture
Pumlen,2023,Winter,3,44.77,Scatter Plot.xlsx / ScatterPlot1!AA72,Moisture
Pumlen,2023,Pre-monsoon,4,40.33,Scatter Plot.xlsx / ScatterPlot1!X73,Moisture
Pumlen,2023,Monsoon,4,59.75,Scatter Plot.xlsx / ScatterPlot1!Y73,Moisture
Pumlen,2023,Post-monsoon,4,57.4,Scatter Plot.xlsx / ScatterPlot1!Z73,Moisture
Pumlen,2023,Winter,4,46.5,Scatter Plot.xlsx / ScatterPlot1!AA73,Moisture
Pumlen,2023,Pre-monsoon,5,43.53,Scatter Plot.xlsx / ScatterPlot1!X74,Moisture
Pumlen,2023,Monsoon,5,62.93,Scatter Plot.xlsx / ScatterPlot1!Y74,Moisture
Pumlen,2023,Post-monsoon,5,56.3,Scatter Plot.xlsx / ScatterPlot1!Z74,Moisture
Pumlen,2023,Winter,5,46.63,Scatter Plot.xlsx / ScatterPlot1!AA74,Moisture
Loktak,2022,Pre-monsoon,1,120.66,Scatter Plot.xlsx / ScatterPlot1!S80,N
Loktak,2022,Monsoon,1,103.89,Scatter Plot.xlsx / ScatterPlot1!T80,N
Loktak,2022,Post-monsoon,1,120.78,Scatter Plot.xlsx / ScatterPlot1!U80,N
Loktak,2022,Winter,1,97.33,Scatter Plot.xlsx / ScatterPlot1!V80,N
Loktak,2022,Pre-monsoon,2,93.66,Scatter Plot.xlsx / ScatterPlot1!S81,N
Loktak,2022,Monsoon,2,102.5,Scatter Plot.xlsx / ScatterPlot1!T81,N
Loktak,2022,Post-monsoon,2,94.98,Scatter Plot.xlsx / ScatterPlot1!U81,N
Loktak,2022,Winter,2,108.24,Scatter Plot.xlsx / ScatterPlot1!V81,N
Loktak,2022,Pre-monsoon,3,84.34,Scatter Plot.xlsx / ScatterPlot1!S82,N
Loktak,2022,Monsoon,3,102.59,Scatter Plot.xlsx / ScatterPlot1!T82,N
Loktak,2022,Post-monsoon,3,109.85,Scatter Plot.xlsx / ScatterPlot1!U82,N
Loktak,2022,Winter,3,108.24,Scatter Plot.xlsx / ScatterPlot1!V82,N
Loktak,2022,Pre-monsoon,4,83.27,Scatter Plot.xlsx / ScatterPlot1!S83,N
Loktak,2022,Monsoon,4,99.65,Scatter Plot.xlsx / ScatterPlot1!T83,N
Loktak,2022,Post-monsoon,4,104.65,Scatter Plot.xlsx / ScatterPlot1!U83,N
Loktak,2022,Winter,4,97.77,Scatter Plot.xlsx / ScatterPlot1!V83,N
Loktak,2022,Pre-monsoon,5,117.08,Scatter Plot.xlsx / ScatterPlot1!S84,N
Loktak,2022,Monsoon,5,101.25,Scatter Plot.xlsx / ScatterPlot1!T84,N
Loktak,2022,Post-monsoon,5,110.32,Scatter Plot.xlsx / ScatterPlot1!U84,N
Loktak,2022,Winter,5,113.67,Scatter Plot.xlsx / ScatterPlot1!V84,N
Pumlen,2022,Pre-monsoon,1,69.07,Scatter Plot.xlsx / ScatterPlot1!X80,N
Pumlen,2022,Monsoon,1,45.15,Scatter Plot.xlsx / ScatterPlot1!Y80,N
Pumlen,2022,Post-monsoon,1,40.7,Scatter Plot.xlsx / ScatterPlot1!Z80,N
Pumlen,2022,Winter,1,63.23,Scatter Plot.xlsx / ScatterPlot1!AA80,N
Pumlen,2022,Pre-monsoon,2,97.17,Scatter Plot.xlsx / ScatterPlot1!X81,N
Pumlen,2022,Monsoon,2,48.75,Scatter Plot.xlsx / ScatterPlot1!Y81,N
Pumlen,2022,Post-monsoon,2,54.1,Scatter Plot.xlsx / ScatterPlot1!Z81,N
Pumlen,2022,Winter,2,44.9,Scatter Plot.xlsx / ScatterPlot1!AA81,N
Pumlen,2022,Pre-monsoon,3,138.5,Scatter Plot.xlsx / ScatterPlot1!X82,N
Pumlen,2022,Monsoon,3,121.55,Scatter Plot.xlsx / ScatterPlot1!Y82,N
Pumlen,2022,Post-monsoon,3,42.7,Scatter Plot.xlsx / ScatterPlot1!Z82,N
Pumlen,2022,Winter,3,66.23,Scatter Plot.xlsx / ScatterPlot1!AA82,N
Pumlen,2022,Pre-monsoon,4,103.2,Scatter Plot.xlsx / ScatterPlot1!X83,N
Pumlen,2022,Monsoon,4,81.55,Scatter Plot.xlsx / ScatterPlot1!Y83,N
Pumlen,2022,Post-monsoon,4,79.5,Scatter Plot.xlsx / ScatterPlot1!Z83,N
Pumlen,2022,Winter,4,52.9,Scatter Plot.xlsx / ScatterPlot1!AA83,N
Pumlen,2022,Pre-monsoon,5,89.6,Scatter Plot.xlsx / ScatterPlot1!X84,N
Pumlen,2022,Monsoon,5,62.15,Scatter Plot.xlsx / ScatterPlot1!Y84,N
Pumlen,2022,Post-monsoon,5,37.4,Scatter Plot.xlsx / ScatterPlot1!Z84,N
Pumlen,2022,Winter,5,48.67,Scatter Plot.xlsx / ScatterPlot1!AA84,N
Loktak,2023,Pre-monsoon,1,116.34,Scatter Plot.xlsx / ScatterPlot1!S88,N
Loktak,2023,Monsoon,1,109.58,Scatter Plot.xlsx / ScatterPlot1!T88,N
Loktak,2023,Post-monsoon,1,120.28,Scatter Plot.xlsx / ScatterPlot1!U88,N
Loktak,2023,Winter,1,91.75,Scatter Plot.xlsx / ScatterPlot1!V88,N
Loktak,2023,Pre-monsoon,2,95.25,Scatter Plot.xlsx / ScatterPlot1!S89,N
Loktak,2023,Monsoon,2,104.7,Scatter Plot.xlsx / ScatterPlot1!T89,N
Loktak,2023,Post-monsoon,2,98.99,Scatter Plot.xlsx / ScatterPlot1!U89,N
Loktak,2023,Winter,2,106.95,Scatter Plot.xlsx / ScatterPlot1!V89,N
Loktak,2023,Pre-monsoon,3,88.4,Scatter Plot.xlsx / ScatterPlot1!S90,N
Loktak,2023,Monsoon,3,104.56,Scatter Plot.xlsx / ScatterPlot1!T90,N
Loktak,2023,Post-monsoon,3,109.62,Scatter Plot.xlsx / ScatterPlot1!U90,N
Loktak,2023,Winter,3,106.95,Scatter Plot.xlsx / ScatterPlot1!V90,N
Loktak,2023,Pre-monsoon,4,84.62,Scatter Plot.xlsx / ScatterPlot1!S91,N
Loktak,2023,Monsoon,4,98.06,Scatter Plot.xlsx / ScatterPlot1!T91,N
Loktak,2023,Post-monsoon,4,108.63,Scatter Plot.xlsx / ScatterPlot1!U91,N
Loktak,2023,Winter,4,82.11,Scatter Plot.xlsx / ScatterPlot1!V91,N
Loktak,2023,Pre-monsoon,5,115.59,Scatter Plot.xlsx / ScatterPlot1!S92,N
Loktak,2023,Monsoon,5,101.14,Scatter Plot.xlsx / ScatterPlot1!T92,N
Loktak,2023,Post-monsoon,5,116.42,Scatter Plot.xlsx / ScatterPlot1!U92,N
Loktak,2023,Winter,5,115.84,Scatter Plot.xlsx / ScatterPlot1!V92,N
Pumlen,2023,Pre-monsoon,1,72.53,Scatter Plot.xlsx / ScatterPlot1!X88,N
Pumlen,2023,Monsoon,1,48.45,Scatter Plot.xlsx / ScatterPlot1!Y88,N
Pumlen,2023,Post-monsoon,1,43.15,Scatter Plot.xlsx / ScatterPlot1!Z88,N
Pumlen,2023,Winter,1,66.23,Scatter Plot.xlsx / ScatterPlot1!AA88,N
Pumlen,2023,Pre-monsoon,2,101.37,Scatter Plot.xlsx / ScatterPlot1!X89,N
Pumlen,2023,Monsoon,2,51.9,Scatter Plot.xlsx / ScatterPlot1!Y89,N
Pumlen,2023,Post-monsoon,2,56.85,Scatter Plot.xlsx / ScatterPlot1!Z89,N
Pumlen,2023,Winter,2,47.4,Scatter Plot.xlsx / ScatterPlot1!AA89,N
Pumlen,2023,Pre-monsoon,3,143.77,Scatter Plot.xlsx / ScatterPlot1!X90,N
Pumlen,2023,Monsoon,3,126.73,Scatter Plot.xlsx / ScatterPlot1!Y90,N
Pumlen,2023,Post-monsoon,3,45.2,Scatter Plot.xlsx / ScatterPlot1!Z90,N
Pumlen,2023,Winter,3,69.53,Scatter Plot.xlsx / ScatterPlot1!AA90,N
Pumlen,2023,Pre-monsoon,4,106.9,Scatter Plot.xlsx / ScatterPlot1!X91,N
Pumlen,2023,Monsoon,4,85.43,Scatter Plot.xlsx / ScatterPlot1!Y91,N
Pumlen,2023,Post-monsoon,4,83.0,Scatter Plot.xlsx / ScatterPlot1!Z91,N
Pumlen,2023,Winter,4,55.23,Scatter Plot.xlsx / ScatterPlot1!AA91,N
Pumlen,2023,Pre-monsoon,5,93.2,Scatter Plot.xlsx / ScatterPlot1!X92,N
Pumlen,2023,Monsoon,5,65.38,Scatter Plot.xlsx / ScatterPlot1!Y92,N
Pumlen,2023,Post-monsoon,5,39.3,Scatter Plot.xlsx / ScatterPlot1!Z92,N
Pumlen,2023,Winter,5,51.13,Scatter Plot.xlsx / ScatterPlot1!AA92,N
Loktak,2022,Pre-monsoon,1,6.03,Scatter Plot.xlsx / ScatterPlot1!S98,P
Loktak,2022,Monsoon,1,5.25,Scatter Plot.xlsx / ScatterPlot1!T98,P
Loktak,2022,Post-monsoon,1,9.62,Scatter Plot.xlsx / ScatterPlot1!U98,P
Loktak,2022,Winter,1,9.45,Scatter Plot.xlsx / ScatterPlot1!V98,P
Loktak,2022,Pre-monsoon,2,6.63,Scatter Plot.xlsx / ScatterPlot1!S99,P
Loktak,2022,Monsoon,2,5.7,Scatter Plot.xlsx / ScatterPlot1!T99,P
Loktak,2022,Post-monsoon,2,11.07,Scatter Plot.xlsx / ScatterPlot1!U99,P
Loktak,2022,Winter,2,8.32,Scatter Plot.xlsx / ScatterPlot1!V99,P
Loktak,2022,Pre-monsoon,3,7.81,Scatter Plot.xlsx / ScatterPlot1!S100,P
Loktak,2022,Monsoon,3,4.25,Scatter Plot.xlsx / ScatterPlot1!T100,P
Loktak,2022,Post-monsoon,3,11.15,Scatter Plot.xlsx / ScatterPlot1!U100,P
Loktak,2022,Winter,3,8.32,Scatter Plot.xlsx / ScatterPlot1!V100,P
Loktak,2022,Pre-monsoon,4,7.74,Scatter Plot.xlsx / ScatterPlot1!S101,P
Loktak,2022,Monsoon,4,6.61,Scatter Plot.xlsx / ScatterPlot1!T101,P
Loktak,2022,Post-monsoon,4,10.84,Scatter Plot.xlsx / ScatterPlot1!U101,P
Loktak,2022,Winter,4,7.12,Scatter Plot.xlsx / ScatterPlot1!V101,P
Loktak,2022,Pre-monsoon,5,4.0,Scatter Plot.xlsx / ScatterPlot1!S102,P
Loktak,2022,Monsoon,5,5.5,Scatter Plot.xlsx / ScatterPlot1!T102,P
Loktak,2022,Post-monsoon,5,10.71,Scatter Plot.xlsx / ScatterPlot1!U102,P
Loktak,2022,Winter,5,8.17,Scatter Plot.xlsx / ScatterPlot1!V102,P
Pumlen,2022,Pre-monsoon,1,4.33,Scatter Plot.xlsx / ScatterPlot1!X98,P
Pumlen,2022,Monsoon,1,5.01,Scatter Plot.xlsx / ScatterPlot1!Y98,P
Pumlen,2022,Post-monsoon,1,7.51,Scatter Plot.xlsx / ScatterPlot1!Z98,P
Pumlen,2022,Winter,1,6.9,Scatter Plot.xlsx / ScatterPlot1!AA98,P
Pumlen,2022,Pre-monsoon,2,3.42,Scatter Plot.xlsx / ScatterPlot1!X99,P
Pumlen,2022,Monsoon,2,4.36,Scatter Plot.xlsx / ScatterPlot1!Y99,P
Pumlen,2022,Post-monsoon,2,7.28,Scatter Plot.xlsx / ScatterPlot1!Z99,P
Pumlen,2022,Winter,2,6.19,Scatter Plot.xlsx / ScatterPlot1!AA99,P
Pumlen,2022,Pre-monsoon,3,4.6,Scatter Plot.xlsx / ScatterPlot1!X100,P
Pumlen,2022,Monsoon,3,2.84,Scatter Plot.xlsx / ScatterPlot1!Y100,P
Pumlen,2022,Post-monsoon,3,4.95,Scatter Plot.xlsx / ScatterPlot1!Z100,P
Pumlen,2022,Winter,3,4.91,Scatter Plot.xlsx / ScatterPlot1!AA100,P
Pumlen,2022,Pre-monsoon,4,4.21,Scatter Plot.xlsx / ScatterPlot1!X101,P
Pumlen,2022,Monsoon,4,4.16,Scatter Plot.xlsx / ScatterPlot1!Y101,P
Pumlen,2022,Post-monsoon,4,5.98,Scatter Plot.xlsx / ScatterPlot1!Z101,P
Pumlen,2022,Winter,4,4.5,Scatter Plot.xlsx / ScatterPlot1!AA101,P
Pumlen,2022,Pre-monsoon,5,3.16,Scatter Plot.xlsx / ScatterPlot1!X102,P
Pumlen,2022,Monsoon,5,4.8,Scatter Plot.xlsx / ScatterPlot1!Y102,P
Pumlen,2022,Post-monsoon,5,6.71,Scatter Plot.xlsx / ScatterPlot1!Z102,P
Pumlen,2022,Winter,5,6.9,Scatter Plot.xlsx / ScatterPlot1!AA102,P
Loktak,2023,Pre-monsoon,1,6.33,Scatter Plot.xlsx / ScatterPlot1!S106,P
Loktak,2023,Monsoon,1,5.53,Scatter Plot.xlsx / ScatterPlot1!T106,P
Loktak,2023,Post-monsoon,1,9.57,Scatter Plot.xlsx / ScatterPlot1!U106,P
Loktak,2023,Winter,1,9.28,Scatter Plot.xlsx / ScatterPlot1!V106,P
Loktak,2023,Pre-monsoon,2,6.9,Scatter Plot.xlsx / ScatterPlot1!S107,P
Loktak,2023,Monsoon,2,5.97,Scatter Plot.xlsx / ScatterPlot1!T107,P
Loktak,2023,Post-monsoon,2,11.03,Scatter Plot.xlsx / ScatterPlot1!U107,P
Loktak,2023,Winter,2,8.41,Scatter Plot.xlsx / ScatterPlot1!V107,P
Loktak,2023,Pre-monsoon,3,7.87,Scatter Plot.xlsx / ScatterPlot1!S108,P
Loktak,2023,Monsoon,3,4.53,Scatter Plot.xlsx / ScatterPlot1!T108,P
Loktak,2023,Post-monsoon,3,10.83,Scatter Plot.xlsx / ScatterPlot1!U108,P
Loktak,2023,Winter,3,8.41,Scatter Plot.xlsx / ScatterPlot1!V108,P
Loktak,2023,Pre-monsoon,4,6.27,Scatter Plot.xlsx / ScatterPlot1!S109,P
Loktak,2023,Monsoon,4,6.9,Scatter Plot.xlsx / ScatterPlot1!T109,P
Loktak,2023,Post-monsoon,4,11.11,Scatter Plot.xlsx / ScatterPlot1!U109,P
Loktak,2023,Winter,4,9.65,Scatter Plot.xlsx / ScatterPlot1!V109,P
Loktak,2023,Pre-monsoon,5,5.22,Scatter Plot.xlsx / ScatterPlot1!S110,P
Loktak,2023,Monsoon,5,5.74,Scatter Plot.xlsx / ScatterPlot1!T110,P
Loktak,2023,Post-monsoon,5,9.97,Scatter Plot.xlsx / ScatterPlot1!U110,P
Loktak,2023,Winter,5,8.35,Scatter Plot.xlsx / ScatterPlot1!V110,P
Pumlen,2023,Pre-monsoon,1,4.53,Scatter Plot.xlsx / ScatterPlot1!X106,P
Pumlen,2023,Monsoon,1,5.25,Scatter Plot.xlsx / ScatterPlot1!Y106,P
Pumlen,2023,Post-monsoon,1,7.75,Scatter Plot.xlsx / ScatterPlot1!Z106,P
Pumlen,2023,Winter,1,7.17,Scatter Plot.xlsx / ScatterPlot1!AA106,P
Pumlen,2023,Pre-monsoon,2,4.23,Scatter Plot.xlsx / ScatterPlot1!X107,P
Pumlen,2023,Monsoon,2,4.53,Scatter Plot.xlsx / ScatterPlot1!Y107,P
Pumlen,2023,Post-monsoon,2,7.55,Scatter Plot.xlsx / ScatterPlot1!Z107,P
Pumlen,2023,Winter,2,6.4,Scatter Plot.xlsx / ScatterPlot1!AA107,P
Pumlen,2023,Pre-monsoon,3,4.8,Scatter Plot.xlsx / ScatterPlot1!X108,P
Pumlen,2023,Monsoon,3,2.68,Scatter Plot.xlsx / ScatterPlot1!Y108,P
Pumlen,2023,Post-monsoon,3,5.2,Scatter Plot.xlsx / ScatterPlot1!Z108,P
Pumlen,2023,Winter,3,5.13,Scatter Plot.xlsx / ScatterPlot1!AA108,P
Pumlen,2023,Pre-monsoon,4,4.53,Scatter Plot.xlsx / ScatterPlot1!X109,P
Pumlen,2023,Monsoon,4,4.35,Scatter Plot.xlsx / ScatterPlot1!Y109,P
Pumlen,2023,Post-monsoon,4,6.25,Scatter Plot.xlsx / ScatterPlot1!Z109,P
Pumlen,2023,Winter,4,4.7,Scatter Plot.xlsx / ScatterPlot1!AA109,P
Pumlen,2023,Pre-monsoon,5,3.87,Scatter Plot.xlsx / ScatterPlot1!X110,P
Pumlen,2023,Monsoon,5,4.95,Scatter Plot.xlsx / ScatterPlot1!Y110,P
Pumlen,2023,Post-monsoon,5,6.95,Scatter Plot.xlsx / ScatterPlot1!Z110,P
Pumlen,2023,Winter,5,7.1,Scatter Plot.xlsx / ScatterPlot1!AA110,P
Loktak,2022,Pre-monsoon,1,191.15,Scatter Plot.xlsx / ScatterPlot1!S116,K
Loktak,2022,Monsoon,1,139.52,Scatter Plot.xlsx / ScatterPlot1!T116,K
Loktak,2022,Post-monsoon,1,173.2,Scatter Plot.xlsx / ScatterPlot1!U116,K
Loktak,2022,Winter,1,179.52,Scatter Plot.xlsx / ScatterPlot1!V116,K
Loktak,2022,Pre-monsoon,2,187.82,Scatter Plot.xlsx / ScatterPlot1!S117,K
Loktak,2022,Monsoon,2,159.46,Scatter Plot.xlsx / ScatterPlot1!T117,K
Loktak,2022,Post-monsoon,2,181.6,Scatter Plot.xlsx / ScatterPlot1!U117,K
Loktak,2022,Winter,2,182.78,Scatter Plot.xlsx / ScatterPlot1!V117,K
Loktak,2022,Pre-monsoon,3,149.76,Scatter Plot.xlsx / ScatterPlot1!S118,K
Loktak,2022,Monsoon,3,141.76,Scatter Plot.xlsx / ScatterPlot1!T118,K
Loktak,2022,Post-monsoon,3,167.6,Scatter Plot.xlsx / ScatterPlot1!U118,K
Loktak,2022,Winter,3,187.98,Scatter Plot.xlsx / ScatterPlot1!V118,K
Loktak,2022,Pre-monsoon,4,176.13,Scatter Plot.xlsx / ScatterPlot1!S119,K
Loktak,2022,Monsoon,4,159.04,Scatter Plot.xlsx / ScatterPlot1!T119,K
Loktak,2022,Post-monsoon,4,179.6,Scatter Plot.xlsx / ScatterPlot1!U119,K
Loktak,2022,Winter,4,183.39,Scatter Plot.xlsx / ScatterPlot1!V119,K
Loktak,2022,Pre-monsoon,5,169.89,Scatter Plot.xlsx / ScatterPlot1!S120,K
Loktak,2022,Monsoon,5,178.88,Scatter Plot.xlsx / ScatterPlot1!T120,K
Loktak,2022,Post-monsoon,5,160.59,Scatter Plot.xlsx / ScatterPlot1!U120,K
Loktak,2022,Winter,5,185.29,Scatter Plot.xlsx / ScatterPlot1!V120,K
Pumlen,2022,Pre-monsoon,1,55.51,Scatter Plot.xlsx / ScatterPlot1!X116,K
Pumlen,2022,Monsoon,1,47.02,Scatter Plot.xlsx / ScatterPlot1!Y116,K
Pumlen,2022,Post-monsoon,1,55.62,Scatter Plot.xlsx / ScatterPlot1!Z116,K
Pumlen,2022,Winter,1,51.84,Scatter Plot.xlsx / ScatterPlot1!AA116,K
Pumlen,2022,Pre-monsoon,2,79.58,Scatter Plot.xlsx / ScatterPlot1!X117,K
Pumlen,2022,Monsoon,2,64.18,Scatter Plot.xlsx / ScatterPlot1!Y117,K
Pumlen,2022,Post-monsoon,2,69.76,Scatter Plot.xlsx / ScatterPlot1!Z117,K
Pumlen,2022,Winter,2,47.33,Scatter Plot.xlsx / ScatterPlot1!AA117,K
Pumlen,2022,Pre-monsoon,3,91.87,Scatter Plot.xlsx / ScatterPlot1!X118,K
Pumlen,2022,Monsoon,3,53.46,Scatter Plot.xlsx / ScatterPlot1!Y118,K
Pumlen,2022,Post-monsoon,3,58.55,Scatter Plot.xlsx / ScatterPlot1!Z118,K
Pumlen,2022,Winter,3,56.61,Scatter Plot.xlsx / ScatterPlot1!AA118,K
Pumlen,2022,Pre-monsoon,4,67.1,Scatter Plot.xlsx / ScatterPlot1!X119,K
Pumlen,2022,Monsoon,4,54.84,Scatter Plot.xlsx / ScatterPlot1!Y119,K
Pumlen,2022,Post-monsoon,4,51.89,Scatter Plot.xlsx / ScatterPlot1!Z119,K
Pumlen,2022,Winter,4,52.69,Scatter Plot.xlsx / ScatterPlot1!AA119,K
Pumlen,2022,Pre-monsoon,5,69.17,Scatter Plot.xlsx / ScatterPlot1!X120,K
Pumlen,2022,Monsoon,5,58.07,Scatter Plot.xlsx / ScatterPlot1!Y120,K
Pumlen,2022,Post-monsoon,5,56.86,Scatter Plot.xlsx / ScatterPlot1!Z120,K
Pumlen,2022,Winter,5,47.95,Scatter Plot.xlsx / ScatterPlot1!AA120,K
Loktak,2023,Pre-monsoon,1,186.64,Scatter Plot.xlsx / ScatterPlot1!S124,K
Loktak,2023,Monsoon,1,141.56,Scatter Plot.xlsx / ScatterPlot1!T124,K
Loktak,2023,Post-monsoon,1,128.49,Scatter Plot.xlsx / ScatterPlot1!U124,K
Loktak,2023,Winter,1,189.76,Scatter Plot.xlsx / ScatterPlot1!V124,K
Loktak,2023,Pre-monsoon,2,191.45,Scatter Plot.xlsx / ScatterPlot1!S125,K
Loktak,2023,Monsoon,2,161.52,Scatter Plot.xlsx / ScatterPlot1!T125,K
Loktak,2023,Post-monsoon,2,198.05,Scatter Plot.xlsx / ScatterPlot1!U125,K
Loktak,2023,Winter,2,183.87,Scatter Plot.xlsx / ScatterPlot1!V125,K
Loktak,2023,Pre-monsoon,3,154.13,Scatter Plot.xlsx / ScatterPlot1!S126,K
Loktak,2023,Monsoon,3,145.25,Scatter Plot.xlsx / ScatterPlot1!T126,K
Loktak,2023,Post-monsoon,3,197.59,Scatter Plot.xlsx / ScatterPlot1!U126,K
Loktak,2023,Winter,3,187.87,Scatter Plot.xlsx / ScatterPlot1!V126,K
Loktak,2023,Pre-monsoon,4,220.64,Scatter Plot.xlsx / ScatterPlot1!S127,K
Loktak,2023,Monsoon,4,194.08,Scatter Plot.xlsx / ScatterPlot1!T127,K
Loktak,2023,Post-monsoon,4,242.73,Scatter Plot.xlsx / ScatterPlot1!U127,K
Loktak,2023,Winter,4,197.21,Scatter Plot.xlsx / ScatterPlot1!V127,K
Loktak,2023,Pre-monsoon,5,145.21,Scatter Plot.xlsx / ScatterPlot1!S128,K
Loktak,2023,Monsoon,5,183.26,Scatter Plot.xlsx / ScatterPlot1!T128,K
Loktak,2023,Post-monsoon,5,114.55,Scatter Plot.xlsx / ScatterPlot1!U128,K
Loktak,2023,Winter,5,189.88,Scatter Plot.xlsx / ScatterPlot1!V128,K
Pumlen,2023,Pre-monsoon,1,58.8,Scatter Plot.xlsx / ScatterPlot1!X124,K
Pumlen,2023,Monsoon,1,49.8,Scatter Plot.xlsx / ScatterPlot1!Y124,K
Pumlen,2023,Post-monsoon,1,58.7,Scatter Plot.xlsx / ScatterPlot1!Z124,K
Pumlen,2023,Winter,1,54.7,Scatter Plot.xlsx / ScatterPlot1!AA124,K
Pumlen,2023,Pre-monsoon,2,83.53,Scatter Plot.xlsx / ScatterPlot1!X125,K
Pumlen,2023,Monsoon,2,56.88,Scatter Plot.xlsx / ScatterPlot1!Y125,K
Pumlen,2023,Post-monsoon,2,73.1,Scatter Plot.xlsx / ScatterPlot1!Z125,K
Pumlen,2023,Winter,2,49.73,Scatter Plot.xlsx / ScatterPlot1!AA125,K
Pumlen,2023,Pre-monsoon,3,96.27,Scatter Plot.xlsx / ScatterPlot1!X126,K
Pumlen,2023,Monsoon,3,56.65,Scatter Plot.xlsx / ScatterPlot1!Y126,K
Pumlen,2023,Post-monsoon,3,61.9,Scatter Plot.xlsx / ScatterPlot1!Z126,K
Pumlen,2023,Winter,3,59.57,Scatter Plot.xlsx / ScatterPlot1!AA126,K
Pumlen,2023,Pre-monsoon,4,70.5,Scatter Plot.xlsx / ScatterPlot1!X127,K
Pumlen,2023,Monsoon,4,57.63,Scatter Plot.xlsx / ScatterPlot1!Y127,K
Pumlen,2023,Post-monsoon,4,54.7,Scatter Plot.xlsx / ScatterPlot1!Z127,K
Pumlen,2023,Winter,4,55.57,Scatter Plot.xlsx / ScatterPlot1!AA127,K
Pumlen,2023,Pre-monsoon,5,72.5,Scatter Plot.xlsx / ScatterPlot1!X128,K
Pumlen,2023,Monsoon,5,61.25,Scatter Plot.xlsx / ScatterPlot1!Y128,K
Pumlen,2023,Post-monsoon,5,59.9,Scatter Plot.xlsx / ScatterPlot1!Z128,K
Pumlen,2023,Winter,5,50.33,Scatter Plot.xlsx / ScatterPlot1!AA128,K
Loktak,2022,Pre-monsoon,1,86.47,Scatter Plot.xlsx / ScatterPlot2!AK6,TBC_block_unverified
Loktak,2022,Monsoon,1,79.9,Scatter Plot.xlsx / ScatterPlot2!AL6,TBC_block_unverified
Loktak,2022,Post-monsoon,1,77.62,Scatter Plot.xlsx / ScatterPlot2!AM6,TBC_block_unverified
Loktak,2022,Winter,1,68.07,Scatter Plot.xlsx / ScatterPlot2!AN6,TBC_block_unverified
Loktak,2022,Pre-monsoon,2,68.8,Scatter Plot.xlsx / ScatterPlot2!AK7,TBC_block_unverified
Loktak,2022,Monsoon,2,61.18,Scatter Plot.xlsx / ScatterPlot2!AL7,TBC_block_unverified
Loktak,2022,Post-monsoon,2,76.5,Scatter Plot.xlsx / ScatterPlot2!AM7,TBC_block_unverified
Loktak,2022,Winter,2,68.6,Scatter Plot.xlsx / ScatterPlot2!AN7,TBC_block_unverified
Loktak,2022,Pre-monsoon,3,68.63,Scatter Plot.xlsx / ScatterPlot2!AK8,TBC_block_unverified
Loktak,2022,Monsoon,3,67.68,Scatter Plot.xlsx / ScatterPlot2!AL8,TBC_block_unverified
Loktak,2022,Post-monsoon,3,82.27,Scatter Plot.xlsx / ScatterPlot2!AM8,TBC_block_unverified
Loktak,2022,Winter,3,68.6,Scatter Plot.xlsx / ScatterPlot2!AN8,TBC_block_unverified
Loktak,2022,Pre-monsoon,4,83.13,Scatter Plot.xlsx / ScatterPlot2!AK9,TBC_block_unverified
Loktak,2022,Monsoon,4,67.45,Scatter Plot.xlsx / ScatterPlot2!AL9,TBC_block_unverified
Loktak,2022,Post-monsoon,4,81.0,Scatter Plot.xlsx / ScatterPlot2!AM9,TBC_block_unverified
Loktak,2022,Winter,4,70.0,Scatter Plot.xlsx / ScatterPlot2!AN9,TBC_block_unverified
Loktak,2022,Pre-monsoon,5,78.7,Scatter Plot.xlsx / ScatterPlot2!AK10,TBC_block_unverified
Loktak,2022,Monsoon,5,78.08,Scatter Plot.xlsx / ScatterPlot2!AL10,TBC_block_unverified
Loktak,2022,Post-monsoon,5,76.35,Scatter Plot.xlsx / ScatterPlot2!AM10,TBC_block_unverified
Loktak,2022,Winter,5,69.73,Scatter Plot.xlsx / ScatterPlot2!AN10,TBC_block_unverified
Pumlen,2022,Pre-monsoon,1,90.3,Scatter Plot.xlsx / ScatterPlot2!AP6,TBC_block_unverified
Pumlen,2022,Monsoon,1,91.51,Scatter Plot.xlsx / ScatterPlot2!AQ6,TBC_block_unverified
Pumlen,2022,Post-monsoon,1,93.3,Scatter Plot.xlsx / ScatterPlot2!AR6,TBC_block_unverified
Pumlen,2022,Winter,1,81.26,Scatter Plot.xlsx / ScatterPlot2!AS6,TBC_block_unverified
Pumlen,2022,Pre-monsoon,2,100.43,Scatter Plot.xlsx / ScatterPlot2!AP7,TBC_block_unverified
Pumlen,2022,Monsoon,2,94.36,Scatter Plot.xlsx / ScatterPlot2!AQ7,TBC_block_unverified
Pumlen,2022,Post-monsoon,2,97.56,Scatter Plot.xlsx / ScatterPlot2!AR7,TBC_block_unverified
Pumlen,2022,Winter,2,91.89,Scatter Plot.xlsx / ScatterPlot2!AS7,TBC_block_unverified
Pumlen,2022,Pre-monsoon,3,104.67,Scatter Plot.xlsx / ScatterPlot2!AP8,TBC_block_unverified
Pumlen,2022,Monsoon,3,82.58,Scatter Plot.xlsx / ScatterPlot2!AQ8,TBC_block_unverified
Pumlen,2022,Post-monsoon,3,97.45,Scatter Plot.xlsx / ScatterPlot2!AR8,TBC_block_unverified
Pumlen,2022,Winter,3,92.87,Scatter Plot.xlsx / ScatterPlot2!AS8,TBC_block_unverified
Pumlen,2022,Pre-monsoon,4,83.6,Scatter Plot.xlsx / ScatterPlot2!AP9,TBC_block_unverified
Pumlen,2022,Monsoon,4,84.52,Scatter Plot.xlsx / ScatterPlot2!AQ9,TBC_block_unverified
Pumlen,2022,Post-monsoon,4,74.29,Scatter Plot.xlsx / ScatterPlot2!AR9,TBC_block_unverified
Pumlen,2022,Winter,4,88.8,Scatter Plot.xlsx / ScatterPlot2!AS9,TBC_block_unverified
Pumlen,2022,Pre-monsoon,5,94.96,Scatter Plot.xlsx / ScatterPlot2!AP10,TBC_block_unverified
Pumlen,2022,Monsoon,5,95.92,Scatter Plot.xlsx / ScatterPlot2!AQ10,TBC_block_unverified
Pumlen,2022,Post-monsoon,5,91.83,Scatter Plot.xlsx / ScatterPlot2!AR10,TBC_block_unverified
Pumlen,2022,Winter,5,81.43,Scatter Plot.xlsx / ScatterPlot2!AS10,TBC_block_unverified
Loktak,2023,Pre-monsoon,1,83.37,Scatter Plot.xlsx / ScatterPlot2!AK14,TBC_block_unverified
Loktak,2023,Monsoon,1,75.38,Scatter Plot.xlsx / ScatterPlot2!AL14,TBC_block_unverified
Loktak,2023,Post-monsoon,1,76.0,Scatter Plot.xlsx / ScatterPlot2!AM14,TBC_block_unverified
Loktak,2023,Winter,1,68.27,Scatter Plot.xlsx / ScatterPlot2!AN14,TBC_block_unverified
Loktak,2023,Pre-monsoon,2,69.6,Scatter Plot.xlsx / ScatterPlot2!AK15,TBC_block_unverified
Loktak,2023,Monsoon,2,60.85,Scatter Plot.xlsx / ScatterPlot2!AL15,TBC_block_unverified
Loktak,2023,Post-monsoon,2,74.1,Scatter Plot.xlsx / ScatterPlot2!AM15,TBC_block_unverified
Loktak,2023,Winter,2,68.47,Scatter Plot.xlsx / ScatterPlot2!AN15,TBC_block_unverified
Loktak,2023,Pre-monsoon,3,69.33,Scatter Plot.xlsx / ScatterPlot2!AK16,TBC_block_unverified
Loktak,2023,Monsoon,3,65.25,Scatter Plot.xlsx / ScatterPlot2!AL16,TBC_block_unverified
Loktak,2023,Post-monsoon,3,77.05,Scatter Plot.xlsx / ScatterPlot2!AM16,TBC_block_unverified
Loktak,2023,Winter,3,68.47,Scatter Plot.xlsx / ScatterPlot2!AN16,TBC_block_unverified
Loktak,2023,Pre-monsoon,4,80.37,Scatter Plot.xlsx / ScatterPlot2!AK17,TBC_block_unverified
Loktak,2023,Monsoon,4,65.13,Scatter Plot.xlsx / ScatterPlot2!AL17,TBC_block_unverified
Loktak,2023,Post-monsoon,4,76.6,Scatter Plot.xlsx / ScatterPlot2!AM17,TBC_block_unverified
Loktak,2023,Winter,4,69.97,Scatter Plot.xlsx / ScatterPlot2!AN17,TBC_block_unverified
Loktak,2023,Pre-monsoon,5,78.47,Scatter Plot.xlsx / ScatterPlot2!AK18,TBC_block_unverified
Loktak,2023,Monsoon,5,66.45,Scatter Plot.xlsx / ScatterPlot2!AL18,TBC_block_unverified
Loktak,2023,Post-monsoon,5,74.3,Scatter Plot.xlsx / ScatterPlot2!AM18,TBC_block_unverified
Loktak,2023,Winter,5,70.6,Scatter Plot.xlsx / ScatterPlot2!AN18,TBC_block_unverified
Pumlen,2023,Pre-monsoon,1,92.83,Scatter Plot.xlsx / ScatterPlot2!AP14,TBC_block_unverified
Pumlen,2023,Monsoon,1,94.58,Scatter Plot.xlsx / ScatterPlot2!AQ14,TBC_block_unverified
Pumlen,2023,Post-monsoon,1,96.0,Scatter Plot.xlsx / ScatterPlot2!AR14,TBC_block_unverified
Pumlen,2023,Winter,1,83.53,Scatter Plot.xlsx / ScatterPlot2!AS14,TBC_block_unverified
Pumlen,2023,Pre-monsoon,2,103.03,Scatter Plot.xlsx / ScatterPlot2!AP15,TBC_block_unverified
Pumlen,2023,Monsoon,2,97.05,Scatter Plot.xlsx / ScatterPlot2!AQ15,TBC_block_unverified
Pumlen,2023,Post-monsoon,2,101.0,Scatter Plot.xlsx / ScatterPlot2!AR15,TBC_block_unverified
Pumlen,2023,Winter,2,94.2,Scatter Plot.xlsx / ScatterPlot2!AS15,TBC_block_unverified
Pumlen,2023,Pre-monsoon,3,107.53,Scatter Plot.xlsx / ScatterPlot2!AP16,TBC_block_unverified
Pumlen,2023,Monsoon,3,85.65,Scatter Plot.xlsx / ScatterPlot2!AQ16,TBC_block_unverified
Pumlen,2023,Post-monsoon,3,100.2,Scatter Plot.xlsx / ScatterPlot2!AR16,TBC_block_unverified
Pumlen,2023,Winter,3,97.53,Scatter Plot.xlsx / ScatterPlot2!AS16,TBC_block_unverified
Pumlen,2023,Pre-monsoon,4,86.47,Scatter Plot.xlsx / ScatterPlot2!AP17,TBC_block_unverified
Pumlen,2023,Monsoon,4,89.65,Scatter Plot.xlsx / ScatterPlot2!AQ17,TBC_block_unverified
Pumlen,2023,Post-monsoon,4,86.4,Scatter Plot.xlsx / ScatterPlot2!AR17,TBC_block_unverified
Pumlen,2023,Winter,4,91.1,Scatter Plot.xlsx / ScatterPlot2!AS17,TBC_block_unverified
Pumlen,2023,Pre-monsoon,5,97.43,Scatter Plot.xlsx / ScatterPlot2!AP18,TBC_block_unverified
Pumlen,2023,Monsoon,5,98.7,Scatter Plot.xlsx / ScatterPlot2!AQ18,TBC_block_unverified
Pumlen,2023,Post-monsoon,5,93.9,Scatter Plot.xlsx / ScatterPlot2!AR18,TBC_block_unverified
Pumlen,2023,Winter,5,83.83,Scatter Plot.xlsx / ScatterPlot2!AS18,TBC_block_unverified
Loktak,2022,Pre-monsoon,1,569.11,Scatter Plot.xlsx / ScatterPlot3!J10,Phyto_carbon
Loktak,2022,Monsoon,1,423.57,Scatter Plot.xlsx / ScatterPlot3!K10,Phyto_carbon
Loktak,2022,Post-monsoon,1,559.9,Scatter Plot.xlsx / ScatterPlot3!L10,Phyto_carbon
Loktak,2022,Winter,1,720.5,Scatter Plot.xlsx / ScatterPlot3!M10,Phyto_carbon
Loktak,2022,Pre-monsoon,2,640.03,Scatter Plot.xlsx / ScatterPlot3!J11,Phyto_carbon
Loktak,2022,Monsoon,2,558.86,Scatter Plot.xlsx / ScatterPlot3!K11,Phyto_carbon
Loktak,2022,Post-monsoon,2,609.78,Scatter Plot.xlsx / ScatterPlot3!L11,Phyto_carbon
Loktak,2022,Winter,2,706.55,Scatter Plot.xlsx / ScatterPlot3!M11,Phyto_carbon
Loktak,2022,Pre-monsoon,3,637.97,Scatter Plot.xlsx / ScatterPlot3!J12,Phyto_carbon
Loktak,2022,Monsoon,3,558.4,Scatter Plot.xlsx / ScatterPlot3!K12,Phyto_carbon
Loktak,2022,Post-monsoon,3,662.2,Scatter Plot.xlsx / ScatterPlot3!L12,Phyto_carbon
Loktak,2022,Winter,3,817.43,Scatter Plot.xlsx / ScatterPlot3!M12,Phyto_carbon
Loktak,2022,Pre-monsoon,4,698.17,Scatter Plot.xlsx / ScatterPlot3!J13,Phyto_carbon
Loktak,2022,Monsoon,4,485.41,Scatter Plot.xlsx / ScatterPlot3!K13,Phyto_carbon
Loktak,2022,Post-monsoon,4,665.34,Scatter Plot.xlsx / ScatterPlot3!L13,Phyto_carbon
Loktak,2022,Winter,4,687.47,Scatter Plot.xlsx / ScatterPlot3!M13,Phyto_carbon
Loktak,2022,Pre-monsoon,5,552.57,Scatter Plot.xlsx / ScatterPlot3!J14,Phyto_carbon
Loktak,2022,Monsoon,5,443.25,Scatter Plot.xlsx / ScatterPlot3!K14,Phyto_carbon
Loktak,2022,Post-monsoon,5,593.9,Scatter Plot.xlsx / ScatterPlot3!L14,Phyto_carbon
Loktak,2022,Winter,5,711.37,Scatter Plot.xlsx / ScatterPlot3!M14,Phyto_carbon
Pumlen,2022,Pre-monsoon,1,647.61,Scatter Plot.xlsx / ScatterPlot3!O10,Phyto_carbon
Pumlen,2022,Monsoon,1,407.27,Scatter Plot.xlsx / ScatterPlot3!P10,Phyto_carbon
Pumlen,2022,Post-monsoon,1,573.99,Scatter Plot.xlsx / ScatterPlot3!Q10,Phyto_carbon
Pumlen,2022,Winter,1,612.75,Scatter Plot.xlsx / ScatterPlot3!R10,Phyto_carbon
Pumlen,2022,Pre-monsoon,2,685.13,Scatter Plot.xlsx / ScatterPlot3!O11,Phyto_carbon
Pumlen,2022,Monsoon,2,487.1,Scatter Plot.xlsx / ScatterPlot3!P11,Phyto_carbon
Pumlen,2022,Post-monsoon,2,616.22,Scatter Plot.xlsx / ScatterPlot3!Q11,Phyto_carbon
Pumlen,2022,Winter,2,661.99,Scatter Plot.xlsx / ScatterPlot3!R11,Phyto_carbon
Pumlen,2022,Pre-monsoon,3,678.77,Scatter Plot.xlsx / ScatterPlot3!O12,Phyto_carbon
Pumlen,2022,Monsoon,3,529.7,Scatter Plot.xlsx / ScatterPlot3!P12,Phyto_carbon
Pumlen,2022,Post-monsoon,3,621.88,Scatter Plot.xlsx / ScatterPlot3!Q12,Phyto_carbon
Pumlen,2022,Winter,3,698.99,Scatter Plot.xlsx / ScatterPlot3!R12,Phyto_carbon
Pumlen,2022,Pre-monsoon,4,637.07,Scatter Plot.xlsx / ScatterPlot3!O13,Phyto_carbon
Pumlen,2022,Monsoon,4,507.08,Scatter Plot.xlsx / ScatterPlot3!P13,Phyto_carbon
Pumlen,2022,Post-monsoon,4,620.26,Scatter Plot.xlsx / ScatterPlot3!Q13,Phyto_carbon
Pumlen,2022,Winter,4,643.34,Scatter Plot.xlsx / ScatterPlot3!R13,Phyto_carbon
Pumlen,2022,Pre-monsoon,5,670.32,Scatter Plot.xlsx / ScatterPlot3!O14,Phyto_carbon
Pumlen,2022,Monsoon,5,486.98,Scatter Plot.xlsx / ScatterPlot3!P14,Phyto_carbon
Pumlen,2022,Post-monsoon,5,646.88,Scatter Plot.xlsx / ScatterPlot3!Q14,Phyto_carbon
Pumlen,2022,Winter,5,621.06,Scatter Plot.xlsx / ScatterPlot3!R14,Phyto_carbon
Loktak,2023,Pre-monsoon,1,543.2,Scatter Plot.xlsx / ScatterPlot3!J18,Phyto_carbon
Loktak,2023,Monsoon,1,440.8,Scatter Plot.xlsx / ScatterPlot3!K18,Phyto_carbon
Loktak,2023,Post-monsoon,1,614.4,Scatter Plot.xlsx / ScatterPlot3!L18,Phyto_carbon
Loktak,2023,Winter,1,784.8,Scatter Plot.xlsx / ScatterPlot3!M18,Phyto_carbon
Loktak,2023,Pre-monsoon,2,628.8,Scatter Plot.xlsx / ScatterPlot3!J19,Phyto_carbon
Loktak,2023,Monsoon,2,541.6,Scatter Plot.xlsx / ScatterPlot3!K19,Phyto_carbon
Loktak,2023,Post-monsoon,2,626.8,Scatter Plot.xlsx / ScatterPlot3!L19,Phyto_carbon
Loktak,2023,Winter,2,683.2,Scatter Plot.xlsx / ScatterPlot3!M19,Phyto_carbon
Loktak,2023,Pre-monsoon,3,612.4,Scatter Plot.xlsx / ScatterPlot3!J20,Phyto_carbon
Loktak,2023,Monsoon,3,504.8,Scatter Plot.xlsx / ScatterPlot3!K20,Phyto_carbon
Loktak,2023,Post-monsoon,3,644.8,Scatter Plot.xlsx / ScatterPlot3!L20,Phyto_carbon
Loktak,2023,Winter,3,794.8,Scatter Plot.xlsx / ScatterPlot3!M20,Phyto_carbon
Loktak,2023,Pre-monsoon,4,633.6,Scatter Plot.xlsx / ScatterPlot3!J21,Phyto_carbon
Loktak,2023,Monsoon,4,499.2,Scatter Plot.xlsx / ScatterPlot3!K21,Phyto_carbon
Loktak,2023,Post-monsoon,4,690.0,Scatter Plot.xlsx / ScatterPlot3!L21,Phyto_carbon
Loktak,2023,Winter,4,705.6,Scatter Plot.xlsx / ScatterPlot3!M21,Phyto_carbon
Loktak,2023,Pre-monsoon,5,530.4,Scatter Plot.xlsx / ScatterPlot3!J22,Phyto_carbon
Loktak,2023,Monsoon,5,456.4,Scatter Plot.xlsx / ScatterPlot3!K22,Phyto_carbon
Loktak,2023,Post-monsoon,5,567.6,Scatter Plot.xlsx / ScatterPlot3!L22,Phyto_carbon
Loktak,2023,Winter,5,688.4,Scatter Plot.xlsx / ScatterPlot3!M22,Phyto_carbon
Pumlen,2023,Pre-monsoon,1,766.13,Scatter Plot.xlsx / ScatterPlot3!O18,Phyto_carbon
Pumlen,2023,Monsoon,1,420.6,Scatter Plot.xlsx / ScatterPlot3!P18,Phyto_carbon
Pumlen,2023,Post-monsoon,1,591.6,Scatter Plot.xlsx / ScatterPlot3!Q18,Phyto_carbon
Pumlen,2023,Winter,1,710.13,Scatter Plot.xlsx / ScatterPlot3!R18,Phyto_carbon
Pumlen,2023,Pre-monsoon,2,792.0,Scatter Plot.xlsx / ScatterPlot3!O19,Phyto_carbon
Pumlen,2023,Monsoon,2,509.2,Scatter Plot.xlsx / ScatterPlot3!P19,Phyto_carbon
Pumlen,2023,Post-monsoon,2,631.2,Scatter Plot.xlsx / ScatterPlot3!Q19,Phyto_carbon
Pumlen,2023,Winter,2,717.6,Scatter Plot.xlsx / ScatterPlot3!R19,Phyto_carbon
Pumlen,2023,Pre-monsoon,3,772.53,Scatter Plot.xlsx / ScatterPlot3!O20,Phyto_carbon
Pumlen,2023,Monsoon,3,536.6,Scatter Plot.xlsx / ScatterPlot3!P20,Phyto_carbon
Pumlen,2023,Post-monsoon,3,620.0,Scatter Plot.xlsx / ScatterPlot3!Q20,Phyto_carbon
Pumlen,2023,Winter,3,732.8,Scatter Plot.xlsx / ScatterPlot3!R20,Phyto_carbon
Pumlen,2023,Pre-monsoon,4,770.67,Scatter Plot.xlsx / ScatterPlot3!O21,Phyto_carbon
Pumlen,2023,Monsoon,4,482.0,Scatter Plot.xlsx / ScatterPlot3!P21,Phyto_carbon
Pumlen,2023,Post-monsoon,4,580.4,Scatter Plot.xlsx / ScatterPlot3!Q21,Phyto_carbon
Pumlen,2023,Winter,4,770.13,Scatter Plot.xlsx / ScatterPlot3!R21,Phyto_carbon
Pumlen,2023,Pre-monsoon,5,738.13,Scatter Plot.xlsx / ScatterPlot3!O22,Phyto_carbon
Pumlen,2023,Monsoon,5,471.8,Scatter Plot.xlsx / ScatterPlot3!P22,Phyto_carbon
Pumlen,2023,Post-monsoon,5,664.8,Scatter Plot.xlsx / ScatterPlot3!Q22,Phyto_carbon
Pumlen,2023,Winter,5,747.73,Scatter Plot.xlsx / ScatterPlot3!R22,Phyto_carbon
Loktak,2022,Pre-monsoon,1,24.97,Scatter Plot.xlsx / ScatterPlot3!J28,Water_Temp
Loktak,2022,Monsoon,1,27.45,Scatter Plot.xlsx / ScatterPlot3!K28,Water_Temp
Loktak,2022,Post-monsoon,1,23.5,Scatter Plot.xlsx / ScatterPlot3!L28,Water_Temp
Loktak,2022,Winter,1,16.97,Scatter Plot.xlsx / ScatterPlot3!M28,Water_Temp
Loktak,2022,Pre-monsoon,2,25.23,Scatter Plot.xlsx / ScatterPlot3!J29,Water_Temp
Loktak,2022,Monsoon,2,26.85,Scatter Plot.xlsx / ScatterPlot3!K29,Water_Temp
Loktak,2022,Post-monsoon,2,23.35,Scatter Plot.xlsx / ScatterPlot3!L29,Water_Temp
Loktak,2022,Winter,2,17.97,Scatter Plot.xlsx / ScatterPlot3!M29,Water_Temp
Loktak,2022,Pre-monsoon,3,24.03,Scatter Plot.xlsx / ScatterPlot3!J30,Water_Temp
Loktak,2022,Monsoon,3,27.25,Scatter Plot.xlsx / ScatterPlot3!K30,Water_Temp
Loktak,2022,Post-monsoon,3,24.55,Scatter Plot.xlsx / ScatterPlot3!L30,Water_Temp
Loktak,2022,Winter,3,17.97,Scatter Plot.xlsx / ScatterPlot3!M30,Water_Temp
Loktak,2022,Pre-monsoon,4,24.27,Scatter Plot.xlsx / ScatterPlot3!J31,Water_Temp
Loktak,2022,Monsoon,4,27.75,Scatter Plot.xlsx / ScatterPlot3!K31,Water_Temp
Loktak,2022,Post-monsoon,4,23.85,Scatter Plot.xlsx / ScatterPlot3!L31,Water_Temp
Loktak,2022,Winter,4,18.77,Scatter Plot.xlsx / ScatterPlot3!M31,Water_Temp
Loktak,2022,Pre-monsoon,5,24.4,Scatter Plot.xlsx / ScatterPlot3!J32,Water_Temp
Loktak,2022,Monsoon,5,27.8,Scatter Plot.xlsx / ScatterPlot3!K32,Water_Temp
Loktak,2022,Post-monsoon,5,24.6,Scatter Plot.xlsx / ScatterPlot3!L32,Water_Temp
Loktak,2022,Winter,5,18.97,Scatter Plot.xlsx / ScatterPlot3!M32,Water_Temp
Pumlen,2022,Pre-monsoon,1,24.07,Scatter Plot.xlsx / ScatterPlot3!O28,Water_Temp
Pumlen,2022,Monsoon,1,27.85,Scatter Plot.xlsx / ScatterPlot3!P28,Water_Temp
Pumlen,2022,Post-monsoon,1,24.4,Scatter Plot.xlsx / ScatterPlot3!Q28,Water_Temp
Pumlen,2022,Winter,1,17.03,Scatter Plot.xlsx / ScatterPlot3!R28,Water_Temp
Pumlen,2022,Pre-monsoon,2,23.7,Scatter Plot.xlsx / ScatterPlot3!O29,Water_Temp
Pumlen,2022,Monsoon,2,27.18,Scatter Plot.xlsx / ScatterPlot3!P29,Water_Temp
Pumlen,2022,Post-monsoon,2,24.0,Scatter Plot.xlsx / ScatterPlot3!Q29,Water_Temp
Pumlen,2022,Winter,2,18.1,Scatter Plot.xlsx / ScatterPlot3!R29,Water_Temp
Pumlen,2022,Pre-monsoon,3,26.63,Scatter Plot.xlsx / ScatterPlot3!O30,Water_Temp
Pumlen,2022,Monsoon,3,27.48,Scatter Plot.xlsx / ScatterPlot3!P30,Water_Temp
Pumlen,2022,Post-monsoon,3,25.25,Scatter Plot.xlsx / ScatterPlot3!Q30,Water_Temp
Pumlen,2022,Winter,3,17.9,Scatter Plot.xlsx / ScatterPlot3!R30,Water_Temp
Pumlen,2022,Pre-monsoon,4,26.9,Scatter Plot.xlsx / ScatterPlot3!O31,Water_Temp
Pumlen,2022,Monsoon,4,28.08,Scatter Plot.xlsx / ScatterPlot3!P31,Water_Temp
Pumlen,2022,Post-monsoon,4,24.2,Scatter Plot.xlsx / ScatterPlot3!Q31,Water_Temp
Pumlen,2022,Winter,4,18.3,Scatter Plot.xlsx / ScatterPlot3!R31,Water_Temp
Pumlen,2022,Pre-monsoon,5,26.63,Scatter Plot.xlsx / ScatterPlot3!O32,Water_Temp
Pumlen,2022,Monsoon,5,27.48,Scatter Plot.xlsx / ScatterPlot3!P32,Water_Temp
Pumlen,2022,Post-monsoon,5,25.25,Scatter Plot.xlsx / ScatterPlot3!Q32,Water_Temp
Pumlen,2022,Winter,5,17.9,Scatter Plot.xlsx / ScatterPlot3!R32,Water_Temp
Loktak,2023,Pre-monsoon,1,25.07,Scatter Plot.xlsx / ScatterPlot3!J36,Water_Temp
Loktak,2023,Monsoon,1,27.43,Scatter Plot.xlsx / ScatterPlot3!K36,Water_Temp
Loktak,2023,Post-monsoon,1,22.85,Scatter Plot.xlsx / ScatterPlot3!L36,Water_Temp
Loktak,2023,Winter,1,17.17,Scatter Plot.xlsx / ScatterPlot3!M36,Water_Temp
Loktak,2023,Pre-monsoon,2,25.27,Scatter Plot.xlsx / ScatterPlot3!J37,Water_Temp
Loktak,2023,Monsoon,2,27.2,Scatter Plot.xlsx / ScatterPlot3!K37,Water_Temp
Loktak,2023,Post-monsoon,2,22.8,Scatter Plot.xlsx / ScatterPlot3!L37,Water_Temp
Loktak,2023,Winter,2,17.73,Scatter Plot.xlsx / ScatterPlot3!M37,Water_Temp
Loktak,2023,Pre-monsoon,3,23.4,Scatter Plot.xlsx / ScatterPlot3!J38,Water_Temp
Loktak,2023,Monsoon,3,27.53,Scatter Plot.xlsx / ScatterPlot3!K38,Water_Temp
Loktak,2023,Post-monsoon,3,23.6,Scatter Plot.xlsx / ScatterPlot3!L38,Water_Temp
Loktak,2023,Winter,3,17.73,Scatter Plot.xlsx / ScatterPlot3!M38,Water_Temp
Loktak,2023,Pre-monsoon,4,24.9,Scatter Plot.xlsx / ScatterPlot3!J39,Water_Temp
Loktak,2023,Monsoon,4,27.7,Scatter Plot.xlsx / ScatterPlot3!K39,Water_Temp
Loktak,2023,Post-monsoon,4,23.25,Scatter Plot.xlsx / ScatterPlot3!L39,Water_Temp
Loktak,2023,Winter,4,18.47,Scatter Plot.xlsx / ScatterPlot3!M39,Water_Temp
Loktak,2023,Pre-monsoon,5,24.53,Scatter Plot.xlsx / ScatterPlot3!J40,Water_Temp
Loktak,2023,Monsoon,5,27.83,Scatter Plot.xlsx / ScatterPlot3!K40,Water_Temp
Loktak,2023,Post-monsoon,5,23.6,Scatter Plot.xlsx / ScatterPlot3!L40,Water_Temp
Loktak,2023,Winter,5,18.43,Scatter Plot.xlsx / ScatterPlot3!M40,Water_Temp
Pumlen,2023,Pre-monsoon,1,24.4,Scatter Plot.xlsx / ScatterPlot3!O36,Water_Temp
Pumlen,2023,Monsoon,1,28.3,Scatter Plot.xlsx / ScatterPlot3!P36,Water_Temp
Pumlen,2023,Post-monsoon,1,24.3,Scatter Plot.xlsx / ScatterPlot3!Q36,Water_Temp
Pumlen,2023,Winter,1,18.1,Scatter Plot.xlsx / ScatterPlot3!R36,Water_Temp
Pumlen,2023,Pre-monsoon,2,24.03,Scatter Plot.xlsx / ScatterPlot3!O37,Water_Temp
Pumlen,2023,Monsoon,2,27.63,Scatter Plot.xlsx / ScatterPlot3!P37,Water_Temp
Pumlen,2023,Post-monsoon,2,23.9,Scatter Plot.xlsx / ScatterPlot3!Q37,Water_Temp
Pumlen,2023,Winter,2,19.17,Scatter Plot.xlsx / ScatterPlot3!R37,Water_Temp
Pumlen,2023,Pre-monsoon,3,26.97,Scatter Plot.xlsx / ScatterPlot3!O38,Water_Temp
Pumlen,2023,Monsoon,3,27.93,Scatter Plot.xlsx / ScatterPlot3!P38,Water_Temp
Pumlen,2023,Post-monsoon,3,25.15,Scatter Plot.xlsx / ScatterPlot3!Q38,Water_Temp
Pumlen,2023,Winter,3,18.97,Scatter Plot.xlsx / ScatterPlot3!R38,Water_Temp
Pumlen,2023,Pre-monsoon,4,27.23,Scatter Plot.xlsx / ScatterPlot3!O39,Water_Temp
Pumlen,2023,Monsoon,4,28.53,Scatter Plot.xlsx / ScatterPlot3!P39,Water_Temp
Pumlen,2023,Post-monsoon,4,24.1,Scatter Plot.xlsx / ScatterPlot3!Q39,Water_Temp
Pumlen,2023,Winter,4,19.37,Scatter Plot.xlsx / ScatterPlot3!R39,Water_Temp
Pumlen,2023,Pre-monsoon,5,26.97,Scatter Plot.xlsx / ScatterPlot3!O40,Water_Temp
Pumlen,2023,Monsoon,5,27.93,Scatter Plot.xlsx / ScatterPlot3!P40,Water_Temp
Pumlen,2023,Post-monsoon,5,25.15,Scatter Plot.xlsx / ScatterPlot3!Q40,Water_Temp
Pumlen,2023,Winter,5,18.97,Scatter Plot.xlsx / ScatterPlot3!R40,Water_Temp
Loktak,2022,Pre-monsoon,1,30.27,Scatter Plot.xlsx / ScatterPlot3!J46,CO2
Loktak,2022,Monsoon,1,22.08,Scatter Plot.xlsx / ScatterPlot3!K46,CO2
Loktak,2022,Post-monsoon,1,12.0,Scatter Plot.xlsx / ScatterPlot3!L46,CO2
Loktak,2022,Winter,1,12.67,Scatter Plot.xlsx / ScatterPlot3!M46,CO2
Loktak,2022,Pre-monsoon,2,15.5,Scatter Plot.xlsx / ScatterPlot3!J47,CO2
Loktak,2022,Monsoon,2,10.4,Scatter Plot.xlsx / ScatterPlot3!K47,CO2
Loktak,2022,Post-monsoon,2,5.1,Scatter Plot.xlsx / ScatterPlot3!L47,CO2
Loktak,2022,Winter,2,6.03,Scatter Plot.xlsx / ScatterPlot3!M47,CO2
Loktak,2022,Pre-monsoon,3,21.2,Scatter Plot.xlsx / ScatterPlot3!J48,CO2
Loktak,2022,Monsoon,3,16.73,Scatter Plot.xlsx / ScatterPlot3!K48,CO2
Loktak,2022,Post-monsoon,3,9.5,Scatter Plot.xlsx / ScatterPlot3!L48,CO2
Loktak,2022,Winter,3,6.03,Scatter Plot.xlsx / ScatterPlot3!M48,CO2
Loktak,2022,Pre-monsoon,4,23.2,Scatter Plot.xlsx / ScatterPlot3!J49,CO2
Loktak,2022,Monsoon,4,16.98,Scatter Plot.xlsx / ScatterPlot3!K49,CO2
Loktak,2022,Post-monsoon,4,10.5,Scatter Plot.xlsx / ScatterPlot3!L49,CO2
Loktak,2022,Winter,4,9.53,Scatter Plot.xlsx / ScatterPlot3!M49,CO2
Loktak,2022,Pre-monsoon,5,26.13,Scatter Plot.xlsx / ScatterPlot3!J50,CO2
Loktak,2022,Monsoon,5,17.9,Scatter Plot.xlsx / ScatterPlot3!K50,CO2
Loktak,2022,Post-monsoon,5,10.05,Scatter Plot.xlsx / ScatterPlot3!L50,CO2
Loktak,2022,Winter,5,9.09,Scatter Plot.xlsx / ScatterPlot3!M50,CO2
Pumlen,2022,Pre-monsoon,1,28.81,Scatter Plot.xlsx / ScatterPlot3!O46,CO2
Pumlen,2022,Monsoon,1,39.31,Scatter Plot.xlsx / ScatterPlot3!P46,CO2
Pumlen,2022,Post-monsoon,1,39.46,Scatter Plot.xlsx / ScatterPlot3!Q46,CO2
Pumlen,2022,Winter,1,28.54,Scatter Plot.xlsx / ScatterPlot3!R46,CO2
Pumlen,2022,Pre-monsoon,2,32.09,Scatter Plot.xlsx / ScatterPlot3!O47,CO2
Pumlen,2022,Monsoon,2,35.41,Scatter Plot.xlsx / ScatterPlot3!P47,CO2
Pumlen,2022,Post-monsoon,2,41.86,Scatter Plot.xlsx / ScatterPlot3!Q47,CO2
Pumlen,2022,Winter,2,28.93,Scatter Plot.xlsx / ScatterPlot3!R47,CO2
Pumlen,2022,Pre-monsoon,3,28.22,Scatter Plot.xlsx / ScatterPlot3!O48,CO2
Pumlen,2022,Monsoon,3,35.6,Scatter Plot.xlsx / ScatterPlot3!P48,CO2
Pumlen,2022,Post-monsoon,3,40.09,Scatter Plot.xlsx / ScatterPlot3!Q48,CO2
Pumlen,2022,Winter,3,31.15,Scatter Plot.xlsx / ScatterPlot3!R48,CO2
Pumlen,2022,Pre-monsoon,4,30.97,Scatter Plot.xlsx / ScatterPlot3!O49,CO2
Pumlen,2022,Monsoon,4,38.42,Scatter Plot.xlsx / ScatterPlot3!P49,CO2
Pumlen,2022,Post-monsoon,4,40.11,Scatter Plot.xlsx / ScatterPlot3!Q49,CO2
Pumlen,2022,Winter,4,28.51,Scatter Plot.xlsx / ScatterPlot3!R49,CO2
Pumlen,2022,Pre-monsoon,5,29.95,Scatter Plot.xlsx / ScatterPlot3!O50,CO2
Pumlen,2022,Monsoon,5,36.07,Scatter Plot.xlsx / ScatterPlot3!P50,CO2
Pumlen,2022,Post-monsoon,5,40.56,Scatter Plot.xlsx / ScatterPlot3!Q50,CO2
Pumlen,2022,Winter,5,29.62,Scatter Plot.xlsx / ScatterPlot3!R50,CO2
Loktak,2023,Pre-monsoon,1,28.67,Scatter Plot.xlsx / ScatterPlot3!J54,CO2
Loktak,2023,Monsoon,1,22.53,Scatter Plot.xlsx / ScatterPlot3!K54,CO2
Loktak,2023,Post-monsoon,1,12.75,Scatter Plot.xlsx / ScatterPlot3!L54,CO2
Loktak,2023,Winter,1,13.3,Scatter Plot.xlsx / ScatterPlot3!M54,CO2
Loktak,2023,Pre-monsoon,2,15.6,Scatter Plot.xlsx / ScatterPlot3!J55,CO2
Loktak,2023,Monsoon,2,11.48,Scatter Plot.xlsx / ScatterPlot3!K55,CO2
Loktak,2023,Post-monsoon,2,5.95,Scatter Plot.xlsx / ScatterPlot3!L55,CO2
Loktak,2023,Winter,2,6.5,Scatter Plot.xlsx / ScatterPlot3!M55,CO2
Loktak,2023,Pre-monsoon,3,20.33,Scatter Plot.xlsx / ScatterPlot3!J56,CO2
Loktak,2023,Monsoon,3,17.25,Scatter Plot.xlsx / ScatterPlot3!K56,CO2
Loktak,2023,Post-monsoon,3,10.25,Scatter Plot.xlsx / ScatterPlot3!L56,CO2
Loktak,2023,Winter,3,6.5,Scatter Plot.xlsx / ScatterPlot3!M56,CO2
Loktak,2023,Pre-monsoon,4,22.17,Scatter Plot.xlsx / ScatterPlot3!J57,CO2
Loktak,2023,Monsoon,4,16.9,Scatter Plot.xlsx / ScatterPlot3!K57,CO2
Loktak,2023,Post-monsoon,4,11.35,Scatter Plot.xlsx / ScatterPlot3!L57,CO2
Loktak,2023,Winter,4,10.17,Scatter Plot.xlsx / ScatterPlot3!M57,CO2
Loktak,2023,Pre-monsoon,5,25.03,Scatter Plot.xlsx / ScatterPlot3!J58,CO2
Loktak,2023,Monsoon,5,30.35,Scatter Plot.xlsx / ScatterPlot3!K58,CO2
Loktak,2023,Post-monsoon,5,12.3,Scatter Plot.xlsx / ScatterPlot3!L58,CO2
Loktak,2023,Winter,5,10.27,Scatter Plot.xlsx / ScatterPlot3!M58,CO2
Pumlen,2023,Pre-monsoon,1,27.97,Scatter Plot.xlsx / ScatterPlot3!O54,CO2
Pumlen,2023,Monsoon,1,37.05,Scatter Plot.xlsx / ScatterPlot3!P54,CO2
Pumlen,2023,Post-monsoon,1,37.4,Scatter Plot.xlsx / ScatterPlot3!Q54,CO2
Pumlen,2023,Winter,1,28.13,Scatter Plot.xlsx / ScatterPlot3!R54,CO2
Pumlen,2023,Pre-monsoon,2,31.0,Scatter Plot.xlsx / ScatterPlot3!O55,CO2
Pumlen,2023,Monsoon,2,33.55,Scatter Plot.xlsx / ScatterPlot3!P55,CO2
Pumlen,2023,Post-monsoon,2,39.65,Scatter Plot.xlsx / ScatterPlot3!Q55,CO2
Pumlen,2023,Winter,2,28.57,Scatter Plot.xlsx / ScatterPlot3!R55,CO2
Pumlen,2023,Pre-monsoon,3,27.57,Scatter Plot.xlsx / ScatterPlot3!O56,CO2
Pumlen,2023,Monsoon,3,33.68,Scatter Plot.xlsx / ScatterPlot3!P56,CO2
Pumlen,2023,Post-monsoon,3,37.75,Scatter Plot.xlsx / ScatterPlot3!Q56,CO2
Pumlen,2023,Winter,3,30.63,Scatter Plot.xlsx / ScatterPlot3!R56,CO2
Pumlen,2023,Pre-monsoon,4,29.83,Scatter Plot.xlsx / ScatterPlot3!O57,CO2
Pumlen,2023,Monsoon,4,36.0,Scatter Plot.xlsx / ScatterPlot3!P57,CO2
Pumlen,2023,Post-monsoon,4,38.05,Scatter Plot.xlsx / ScatterPlot3!Q57,CO2
Pumlen,2023,Winter,4,28.13,Scatter Plot.xlsx / ScatterPlot3!R57,CO2
Pumlen,2023,Pre-monsoon,5,28.93,Scatter Plot.xlsx / ScatterPlot3!O58,CO2
Pumlen,2023,Monsoon,5,34.15,Scatter Plot.xlsx / ScatterPlot3!P58,CO2
Pumlen,2023,Post-monsoon,5,38.3,Scatter Plot.xlsx / ScatterPlot3!Q58,CO2
Pumlen,2023,Winter,5,29.23,Scatter Plot.xlsx / ScatterPlot3!R58,CO2
Loktak,2022,Pre-monsoon,1,49.67,Scatter Plot.xlsx / ScatterPlot3!J64,Hardness
Loktak,2022,Monsoon,1,57.25,Scatter Plot.xlsx / ScatterPlot3!K64,Hardness
Loktak,2022,Post-monsoon,1,68.5,Scatter Plot.xlsx / ScatterPlot3!L64,Hardness
Loktak,2022,Winter,1,77.67,Scatter Plot.xlsx / ScatterPlot3!M64,Hardness
Loktak,2022,Pre-monsoon,2,50.33,Scatter Plot.xlsx / ScatterPlot3!J65,Hardness
Loktak,2022,Monsoon,2,52.5,Scatter Plot.xlsx / ScatterPlot3!K65,Hardness
Loktak,2022,Post-monsoon,2,56.0,Scatter Plot.xlsx / ScatterPlot3!L65,Hardness
Loktak,2022,Winter,2,58.67,Scatter Plot.xlsx / ScatterPlot3!M65,Hardness
Loktak,2022,Pre-monsoon,3,56.0,Scatter Plot.xlsx / ScatterPlot3!J66,Hardness
Loktak,2022,Monsoon,3,54.25,Scatter Plot.xlsx / ScatterPlot3!K66,Hardness
Loktak,2022,Post-monsoon,3,63.5,Scatter Plot.xlsx / ScatterPlot3!L66,Hardness
Loktak,2022,Winter,3,58.67,Scatter Plot.xlsx / ScatterPlot3!M66,Hardness
Loktak,2022,Pre-monsoon,4,73.33,Scatter Plot.xlsx / ScatterPlot3!J67,Hardness
Loktak,2022,Monsoon,4,57.25,Scatter Plot.xlsx / ScatterPlot3!K67,Hardness
Loktak,2022,Post-monsoon,4,57.5,Scatter Plot.xlsx / ScatterPlot3!L67,Hardness
Loktak,2022,Winter,4,71.0,Scatter Plot.xlsx / ScatterPlot3!M67,Hardness
Loktak,2022,Pre-monsoon,5,70.67,Scatter Plot.xlsx / ScatterPlot3!J68,Hardness
Loktak,2022,Monsoon,5,54.5,Scatter Plot.xlsx / ScatterPlot3!K68,Hardness
Loktak,2022,Post-monsoon,5,57.0,Scatter Plot.xlsx / ScatterPlot3!L68,Hardness
Loktak,2022,Winter,5,62.0,Scatter Plot.xlsx / ScatterPlot3!M68,Hardness
Pumlen,2022,Pre-monsoon,1,61.67,Scatter Plot.xlsx / ScatterPlot3!O64,Hardness
Pumlen,2022,Monsoon,1,44.75,Scatter Plot.xlsx / ScatterPlot3!P64,Hardness
Pumlen,2022,Post-monsoon,1,50.5,Scatter Plot.xlsx / ScatterPlot3!Q64,Hardness
Pumlen,2022,Winter,1,44.67,Scatter Plot.xlsx / ScatterPlot3!R64,Hardness
Pumlen,2022,Pre-monsoon,2,58.33,Scatter Plot.xlsx / ScatterPlot3!O65,Hardness
Pumlen,2022,Monsoon,2,44.25,Scatter Plot.xlsx / ScatterPlot3!P65,Hardness
Pumlen,2022,Post-monsoon,2,48.5,Scatter Plot.xlsx / ScatterPlot3!Q65,Hardness
Pumlen,2022,Winter,2,46.0,Scatter Plot.xlsx / ScatterPlot3!R65,Hardness
Pumlen,2022,Pre-monsoon,3,60.0,Scatter Plot.xlsx / ScatterPlot3!O66,Hardness
Pumlen,2022,Monsoon,3,49.5,Scatter Plot.xlsx / ScatterPlot3!P66,Hardness
Pumlen,2022,Post-monsoon,3,51.5,Scatter Plot.xlsx / ScatterPlot3!Q66,Hardness
Pumlen,2022,Winter,3,46.67,Scatter Plot.xlsx / ScatterPlot3!R66,Hardness
Pumlen,2022,Pre-monsoon,4,60.0,Scatter Plot.xlsx / ScatterPlot3!O67,Hardness
Pumlen,2022,Monsoon,4,47.0,Scatter Plot.xlsx / ScatterPlot3!P67,Hardness
Pumlen,2022,Post-monsoon,4,43.5,Scatter Plot.xlsx / ScatterPlot3!Q67,Hardness
Pumlen,2022,Winter,4,49.67,Scatter Plot.xlsx / ScatterPlot3!R67,Hardness
Pumlen,2022,Pre-monsoon,5,60.67,Scatter Plot.xlsx / ScatterPlot3!O68,Hardness
Pumlen,2022,Monsoon,5,46.0,Scatter Plot.xlsx / ScatterPlot3!P68,Hardness
Pumlen,2022,Post-monsoon,5,43.5,Scatter Plot.xlsx / ScatterPlot3!Q68,Hardness
Pumlen,2022,Winter,5,42.67,Scatter Plot.xlsx / ScatterPlot3!R68,Hardness
Loktak,2023,Pre-monsoon,1,51.33,Scatter Plot.xlsx / ScatterPlot3!J72,Hardness
Loktak,2023,Monsoon,1,57.5,Scatter Plot.xlsx / ScatterPlot3!K72,Hardness
Loktak,2023,Post-monsoon,1,67.0,Scatter Plot.xlsx / ScatterPlot3!L72,Hardness
Loktak,2023,Winter,1,75.67,Scatter Plot.xlsx / ScatterPlot3!M72,Hardness
Loktak,2023,Pre-monsoon,2,51.67,Scatter Plot.xlsx / ScatterPlot3!J73,Hardness
Loktak,2023,Monsoon,2,53.75,Scatter Plot.xlsx / ScatterPlot3!K73,Hardness
Loktak,2023,Post-monsoon,2,57.5,Scatter Plot.xlsx / ScatterPlot3!L73,Hardness
Loktak,2023,Winter,2,59.67,Scatter Plot.xlsx / ScatterPlot3!M73,Hardness
Loktak,2023,Pre-monsoon,3,56.33,Scatter Plot.xlsx / ScatterPlot3!J74,Hardness
Loktak,2023,Monsoon,3,54.5,Scatter Plot.xlsx / ScatterPlot3!K74,Hardness
Loktak,2023,Post-monsoon,3,62.5,Scatter Plot.xlsx / ScatterPlot3!L74,Hardness
Loktak,2023,Winter,3,59.67,Scatter Plot.xlsx / ScatterPlot3!M74,Hardness
Loktak,2023,Pre-monsoon,4,71.33,Scatter Plot.xlsx / ScatterPlot3!J75,Hardness
Loktak,2023,Monsoon,4,56.25,Scatter Plot.xlsx / ScatterPlot3!K75,Hardness
Loktak,2023,Post-monsoon,4,56.5,Scatter Plot.xlsx / ScatterPlot3!L75,Hardness
Loktak,2023,Winter,4,69.67,Scatter Plot.xlsx / ScatterPlot3!M75,Hardness
Loktak,2023,Pre-monsoon,5,69.33,Scatter Plot.xlsx / ScatterPlot3!J76,Hardness
Loktak,2023,Monsoon,5,54.75,Scatter Plot.xlsx / ScatterPlot3!K76,Hardness
Loktak,2023,Post-monsoon,5,57.5,Scatter Plot.xlsx / ScatterPlot3!L76,Hardness
Loktak,2023,Winter,5,62.33,Scatter Plot.xlsx / ScatterPlot3!M76,Hardness
Pumlen,2023,Pre-monsoon,1,63.33,Scatter Plot.xlsx / ScatterPlot3!O72,Hardness
Pumlen,2023,Monsoon,1,47.35,Scatter Plot.xlsx / ScatterPlot3!P72,Hardness
Pumlen,2023,Post-monsoon,1,51.57,Scatter Plot.xlsx / ScatterPlot3!Q72,Hardness
Pumlen,2023,Winter,1,45.67,Scatter Plot.xlsx / ScatterPlot3!R72,Hardness
Pumlen,2023,Pre-monsoon,2,57.0,Scatter Plot.xlsx / ScatterPlot3!O73,Hardness
Pumlen,2023,Monsoon,2,46.68,Scatter Plot.xlsx / ScatterPlot3!P73,Hardness
Pumlen,2023,Post-monsoon,2,49.34,Scatter Plot.xlsx / ScatterPlot3!Q73,Hardness
Pumlen,2023,Winter,2,47.23,Scatter Plot.xlsx / ScatterPlot3!R73,Hardness
Pumlen,2023,Pre-monsoon,3,61.67,Scatter Plot.xlsx / ScatterPlot3!O74,Hardness
Pumlen,2023,Monsoon,3,52.54,Scatter Plot.xlsx / ScatterPlot3!P74,Hardness
Pumlen,2023,Post-monsoon,3,52.87,Scatter Plot.xlsx / ScatterPlot3!Q74,Hardness
Pumlen,2023,Winter,3,47.73,Scatter Plot.xlsx / ScatterPlot3!R74,Hardness
Pumlen,2023,Pre-monsoon,4,61.67,Scatter Plot.xlsx / ScatterPlot3!O75,Hardness
Pumlen,2023,Monsoon,4,49.45,Scatter Plot.xlsx / ScatterPlot3!P75,Hardness
Pumlen,2023,Post-monsoon,4,44.46,Scatter Plot.xlsx / ScatterPlot3!Q75,Hardness
Pumlen,2023,Winter,4,50.67,Scatter Plot.xlsx / ScatterPlot3!R75,Hardness
Pumlen,2023,Pre-monsoon,5,62.33,Scatter Plot.xlsx / ScatterPlot3!O76,Hardness
Pumlen,2023,Monsoon,5,48.35,Scatter Plot.xlsx / ScatterPlot3!P76,Hardness
Pumlen,2023,Post-monsoon,5,44.35,Scatter Plot.xlsx / ScatterPlot3!Q76,Hardness
Pumlen,2023,Winter,5,43.84,Scatter Plot.xlsx / ScatterPlot3!R76,Hardness
